;invader;address;invaders.geo;lon;lat
1;Space Invader PA_1060; villa de Guelma, Paris, France;Guelma, Algeria;36.46590042;7.428360939
2;Space Invader PA_1077; 65 rue des Abbesses, Paris, France;65 Rue des Abbesses, 75018 Paris, France;48.8857;2.33491
3;Space Invader PA_1053; 8 place des Abbesses, Paris, France;8 Place des Abbesses, 75018 Paris, France;48.88421;2.3386999
4;Space Invader PA_0161; 17 rue Yvonne Le Tac, Paris, France;17 Rue Yvonne le Tac, 75018 Paris, France;48.88416;2.33955
5;Space Invader PA_0066,  PA_0067 & PA_0068;63 rue des Trois Frères, Paris, France;63 Rue des Trois Frères, 75018 Paris, France;48.8855999;2.33815
6;Space Invader PA_0604; 36 rue Erard, Paris, France;36 Rue Erard, 75012 Paris, France;48.8467;2.38691
7;Space Invader PA_0981; place du Colonel Bourgouin, Paris, France;Place du Colonel Bourgoin, 75012 Paris, France;48.8449;2.3832
8;Space Invader PA_1024; 198 rue du Faubourg Saint-Antoine, Paris, France;198 Rue du Faubourg Saint-Antoine, 75012 Paris, France;48.8500299;2.38409
9;Space Invader PA_0013; 47 avenue Daumesnil, Paris, France;47 Avenue Daumesnil, 75012 Paris, France;48.84739;2.37554
10;Space Invader PA_0223; 20 rue Abel, Paris, France;20 Rue Abel, 75012 Paris, France;48.84814;2.37605
11;Space Invader PA_0371; Ouest de la fontaine de Montreuil, Paris, France;Paris, Paris, France;48.85720825;2.341439962
12;Space Invader PA_0016; 76 avenue Ledru-Rollin, Paris, France;76 Avenue Ledru-Rollin, 75012 Paris, France;48.84937;2.37419
13;Space Invader PA_0015; 24 rue de Cîteaux, Paris, France;24 Rue du Château, 75014 Paris, France;48.8378;2.31763
14;Space Invader PA_1082; place d'Aligre, Paris, France;Place d'Aligre, 75012 Paris, France;48.84894;2.37874
15;Space Invader PA_1227; 129 coulée verte René-Dumont, Paris, France;Paris, Paris, France;48.85720825;2.341439962
16;Space Invader PA_0934; 76 rue de Vouillé, Paris, France;Rue de Vouillé, 75015 Paris, France;48.83397;2.3078
17;Space Invader PA_0901; 1 rue Léon Delhomme, Paris, France;1 Rue Léon Delhomme, 75015 Paris, France;48.83849;2.3001999
18;Space Invader PA_1208; 35 rue Castagnary, Paris, France;35 Rue Castagnary, 75015 Paris, France;48.8340699;2.30947
19;Space Invader PA_1272; 1 rue Vouillé, Paris, France;1 Rue de Vouillé, 75015 Paris, France;48.8354799;2.30288
20;Space Invader PA_1069; 121 rue des Amandiers, Paris, France;121 Rue des Amandiers, 75020 Paris, France;48.86819;2.38806
21;Space Invader PA_0453; 24 à 32 rue des Amandiers, Paris, France;24 Rue des Amandiers, 75020 Paris, France;48.86432;2.38948
22;Space Invader PA_1028; 9 rue des Maronites, Paris, France;9 Rue des Maronites, 75020 Paris, France;48.86815;2.38354
23;Space Invader PA_0307; 77 rue de Ménilmontant, Paris, France;77 Rue de Ménilmontant, 75020 Paris, France;48.86859;2.38901
24;Space Invader PA_0410; 0 rue de la Mare, Paris, France;Rue de la Mare, 75020 Paris, France;48.87104;2.38982
25;Space Invader PA_1211; 1 passage Mondésir, Paris, France;Passage Mondétour, 75001 Paris, France;48.86256;2.34696
26;Space Invader PA_0621; porte de Pantin, Paris, France;Porte de Pantin, Paris, France;48.88800049;2.387000084
27;Space Invader PA_0645; rue Charles Monselet, Paris, France;Rue Charles Monselet, 75019 Paris, France;48.8796;2.40048
28;Space Invader PA_0649; 1 rue Gaston Pinot, Paris, France;1 Rue Gaston Pinot, 75019 Paris, France;48.88286;2.39008
29;Space Invader PA_0985; 52 boulevard Sérurier, Paris, France;52 Boulevard Sérurier, 75019 Paris, France;48.87983;2.39947
30;Space Invader PA_1219; 261 rue de Belleville, Paris, France;261 Rue de Belleville, 75019 Paris, France;48.87559;2.39897
31;Space Invader PA_1231 & 1237;28 rue Eugène Jumin, Paris, France;28 Rue Eugène Jumin, 75019 Paris, France;48.88803;2.39223
32;Space Invader PA_1247; Hôpital Robert Debré, Paris, France;Rue de l'Hôpital Saint-Louis, 75010 Paris, France;48.87505;2.36525
33;Space Invader PA_0984; 1 place Rhin et Danube, Paris, France;1 Place Rhin et Danube, 75019 Paris, France;48.88221;2.39285
34;Space Invader PA_0910; 72 avenue Jean Jaurès, Paris, France;72 Avenue Jean Jaurès, 75019 Paris, France;48.88453;2.37747
35;Space Invader PA_0220; métro Quai de la Gare, Paris, France;Métro-Quai de la Gare, Paris, France;48.83745956;2.373749971
36;Space Invader PA_0936; boulevard de l'Hôpital sous le métro, Paris, France;Boulevard de l'Hôpital, 75013 Paris, France;48.83789;2.3602599
37;Space Invader PA_0147; gare d'Austerlitz, Paris, France;Gare d'Austerlitz, Paris, France;48.84222412;2.365833044
38;Space Invader PA_0053; face au 16 boulevard Vincent Auriol, Paris, France;16 Boulevard Vincent Auriol, 75013 Paris, France;48.83697;2.3722
39;Space Invader PA_1173; terrasse du Wanderlust, Paris, France;Paris, Paris, France;48.85720825;2.341439962
40;Space Invader PA_1093; Cité de la Mode et du Design, Paris, France;Rue de la Cité, 75004 Paris, France;48.85462;2.34771
41;Space Invader PA_0761; 1 quai Louis Blériot, Paris, France;1 Quai Louis Blériot, 75016 Paris, France;48.85118;2.2785
42;Space Invader PA_0650; 1 rue Desaugiers, Paris, France;1 Rue Désaugiers, 75016 Paris, France;48.84742;2.26803
43;Space Invader PA_1116; 74 rue d'Avron, Paris, France;74 Rue d'Avron, 75020 Paris, France;48.85232;2.40446
44;Space Invader PA_1142; 8 rue de la Plaine, Paris, France;8 Rue de la Plaine, 75020 Paris, France;48.8497317;2.3998205
45;Space Invader PA_1149; 42 boulevard de Charonne, Paris, France;42 Boulevard de Charonne, 75020 Paris, France;48.85113;2.3988
46;Space Invader PA_0700; 65 rue des Pyrénées, Paris, France;65 Rue des Prés-Paris, 74970 Marignier, France;46.0842519;6.5133615
47;Space Invader PA_1242; 26 rue de la Plaine, Paris, France;26 Rue de la Plaine, 75020 Paris, France;48.84985;2.40261
48;Space Invader PA_0547; place Fréhel, Paris, France;Place Frehel, 75020 Paris, France;48.87314;2.38178
49;Space Invader PA_0577; 5 rue Levert, Paris, France;5 Rue Levert, 75020 Paris, France;48.8737;2.39042
50;Space Invader PA_0732; 2 rue Jouye-Rouve, Paris, France;2 Rue Jouye-Rouve, 75020 Paris, France;48.87325;2.3825599
51;Space Invader PA_0221; 91 rue Rebeval, Paris, France;91 Rue Rébeval, 75019 Paris, France;48.87393;2.38266
52;Space Invader PA_0826; 22 rue Denoyez, Paris, France;22 Rue Dénoyez, 75020 Paris, France;48.87205;2.3783599
53;Space Invader PA_0995; place du Docteur Félix Lobligeois, Paris, France;Place du Docteur Félix Lobligeois, 75017 Paris, France;48.88704;2.31752
54;Space Invader PA_0728; 18 rue Caroline, Paris, France;18 Rue Caroline, 75017 Paris, France;48.88355;2.32343
55;Space Invader PA_0273; 21 rue Aubry le Boucher, Paris, France;21 Rue Aubry-le-Boucher, 75004 Paris, France;48.86037;2.35
56;Space Invader PA_0926; 149 rue Saint-Martin, Paris, France;149 Rue Saint-Martin, 75003 Paris, France;48.8618499;2.35167
57;Space Invader PA_0612; 14 rue du Renard, Paris, France;14 Rue du Renard, 75004 Paris, France;48.85883;2.3525999
58;Space Invader PA_0997; 61 rue Quincampoix, Paris, France;61 Rue Quincampoix, 75004 Paris, France;48.8616699;2.35076
59;Space Invader PA_0722; 11 rue Michel Lecomte, Paris, France;11 Rue Michel le Comte, 75003 Paris, France;48.86209;2.35622
60;Space Invader PA_0769; 65 rue du Temple, Paris, France;65 Rue Vieille-du-Temple, 75004 Paris, France;48.85872;2.35849
61;Space Invader PA_0189; 3 rue Geoffroy Langevin, Paris, France;3 Rue Geoffroy l'Angevin, 75004 Paris, France;48.86055;2.35442
62;Space Invader PA_0953; 9 rue du Plâtre, Paris, France;9 Rue du Plâtre, 75004 Paris, France;48.8592;2.35484
63;Space Invader PA_1170; 45 rue des Gravilliers, Paris, France;45 Rue des Gravilliers, 75003 Paris, France;48.86415;2.35543
64;Space Invader PA_1172; 93 rue de la Verrerie, Paris, France;93 Rue de la Verrerie, 75004 Paris, France;48.85882;2.35067
65;Space Invader PA_0585; métro Rambuteau, Paris, France;Métro-Rambuteau, Paris, France;48.86099243;2.353472948
66;Space Invader PA_0815; 15 rue du Renard, Paris, France;15 Rue du Renard, 75004 Paris, France;48.8585485;2.3517952
67;Space Invader PA_0436; Centre culturel de Serbie, Paris, France;Serbia;44.23119736;20.79398155
68;Space Invader PA_0282; 61 rue de la Verrerie, Paris, France;61 Rue de la Verrerie, 75004 Paris, France;48.85803;2.35268
69;Space Invader PA_0030; 44 rue Quincampoix, Paris, France;44 Rue Quincampoix, 75004 Paris, France;48.86094;2.35052
70;Space Invader PA_0110; 91 rue Quincampoix, Paris, France;91 Rue Quincampoix, 75003 Paris, France;48.86257;2.35122
71;Space Invader PA_0156; 2 rue Simon le Franc, Paris, France;2 Rue Simon le Franc, 75004 Paris, France;48.85993;2.35424
72;Space Invader PA_0109; tuyau d'évacuation du Centre Pompidou, Paris, France;MusÃ©e National d'Art Moderne, Paris, France;48.86130905;2.352334976
73;Space Invader PA_0002; 45 rue Quincampoix, Paris, France;45 Rue Quincampoix, 75004 Paris, France;48.86103;2.35045
74;Space Invader PA_1249; 24 rue de la Verrerie, Paris, France;24 Rue de la Verrerie, 75004 Paris, France;48.85746;2.35452
75;Space Invader PA_1265; Centre Georges Pompidou, Paris, France;Beaubourg, Paris, France;48.86051941;2.352425098
76;Space Invader PA_0331; 2 rue Pierre au Lard, Paris, France;2 Rue Pierre au Lard, 75004 Paris, France;48.85945;2.35306
77;Space Invader PA_0059; 1 rue Lacordaire, Paris, France;1 Rue Lacordaire, 75015 Paris, France;48.84427;2.2846099
78;Space Invader PA_0970; allée des Cygnes, Paris, France;Allée des Cygnes, Paris, France;48.85064316;2.28087306
79;Space Invader PA_0433; 33 rue de Sibuet, Paris, France;33 Rue Sibuet, 75012 Paris, France;48.84335;2.40227
80;Space Invader PA_0809; 7 rue Lasson, Paris, France;7 Rue Lasson, 75012 Paris, France;48.84324;2.40627
81;Space Invader PA_1110; direction de la Voirie et des Déplacements, Paris, France;Paris, Paris, France;48.85720825;2.341439962
82;Space Invader PA_1121; 52 cours de Vincennes, Paris, France;52 Cours de Vincennes, 75012 Paris, France;48.84732;2.40361
83;Space Invader PA_1183; 9 rue Marsoulan, Paris, France;9 Rue Marsoulan, 75012 Paris, France;48.84565;2.40297
84;Space Invader PA_1214; 42 rue Leroy Dupré, Paris, France;42 Rue Leroy Dupré, 75012 Paris, France;48.84297;2.40189
85;Space Invader PA_1224; 57 avenue du docteur Netter, Paris, France;57 Avenue du Docteur Arnold Netter, 75012 Paris, France;48.84492;2.40565
86;Space Invader PA_1225 & 1226;100 cours de Vincennes, Paris, France;100 Cours de Vincennes, 75012 Paris, France;48.84689;2.40843
87;Space Invader PA_1133; 19 rue Montera, Paris, France;19 Rue Montéra, 75012 Paris, France;48.84535;2.40891
88;Space Invader PA_0921; pont de Bercy/quai de Bercy, Paris, France;Quai de Bercy, 75012 Paris, France;48.83312;2.38278
89;Space Invader PA_0922; pont de Bercy/quai d'Austerlitz, Paris, France;Quai d'Austerlitz, 75013 Paris, France;48.84251;2.36706
90;Space Invader PA_0036; face au 7 boulevard Vincent Auriol, Paris, France;7 Boulevard Vincent Auriol, 75013 Paris, France;48.83694;2.37335
91;Space Invader PA_0757; place Marcel Sembat, Paris, France;Square Marcel Sembat, 75018 Paris, France;48.89879;2.33889
92;Space Invader PA_0758; 44 quai du Point du Jour, Paris, France;44 Quai du Point-du-Jour, 92100 Boulogne-Billancourt, France;48.8308542;2.2569163
93;Space Invader PA_0269; sur le Chasseur à pied de la Redoute de Gravelle, Paris, France;Redoute de Gravelle, Paris, France;48.81888962;2.454443932
94;Space Invader PA_0395; 14 rue Chomel, Paris, France;Rue Chomel, 75007 Paris, France;48.85215;2.32571
95;Space Invader PA_0374; 29 boulevard Raspail, Paris, France;29 Boulevard Raspail, 75007 Paris, France;48.85315;2.32659
96;Space Invader PA_0624; 10 rue de Sèvres, Paris, France;10 Rue de Sèvres, 75007 Paris, France;48.85193;2.32835
97;Space Invader PA_0345; 95 rue de Sèvres, Paris, France;95 Rue de Sèvres, 75006 Paris, France;48.84882;2.32154
98;Space Invader PA_0308; 2 quai du 4 septembre, Paris, France;Square du 4 Septembre, 59500 Douai, France;50.36449;3.08976
99;Space Invader PA_0403; porte N-E du parc George Brassens, Paris, France;Parc Georges Brassens, Paris, France;48.83274078;2.300570011
100;Space Invader PA_0405; face au 110 rue Castagnary, Paris, France;110 Rue Castagnary, 75015 Paris, France;48.83019;2.30559
101;Space Invader PA_1123; 1 rue Santos-Dumont, Paris, France;1 Rue Santos Dumont, 75015 Paris, France;48.8343;2.30574
102;Space Invader PA_0366; 127 rue Castagnary, Paris, France;127 Rue Castagnary, 75015 Paris, France;48.82991;2.30347
103;Space Invader PA_1279; 86 Boulevard Lefebvre, Paris, France;86 Boulevard Lefebvre, 75015 Paris, France;48.8288;2.29949
104;Space Invader PA_0938; face au 91 boulevard Auguste Blanqui, Paris, France;91 Boulevard Auguste Blanqui, 75013 Paris, France;48.82997;2.34646
105;Space Invader PA_1103; 3 passage du Moulin des Prés, Paris, France;3 Passage du Moulin des Prés, 75013 Paris, France;48.82912;2.35327
106;Space Invader PA_0055; 43 rue du Moulin des Prés, Paris, France;43 Rue du Moulin des Prés, 75013 Paris, France;48.82765;2.3529399
107;Space Invader PA_0078; 21 passage du Moulin des Prés, Paris, France;Passage du Moulin des Prés, 75013 Paris, France;48.82904;2.3532
108;Space Invader PA_0056; 10 rue Simonet, Paris, France;10 Rue Simonet, 75013 Paris, France;48.82873;2.35155
109;Space Invader PA_0079; 5 rue Chéreau, Paris, France;5 Rue Chéreau, 75013 Paris, France;48.82785;2.35146
110;Space Invader PA_0166; face au 21 rue Georges Auric, Paris, France;21 Rue Georges Auric, 75019 Paris, France;48.88519;2.38525
111;Space Invader PA_0671; 54 avenue Bolivar, Paris, France;54 Avenue Simon Bolivar, 75019 Paris, France;48.87655;2.37805
112;Space Invader PA_0438; petite ceinture pont de la rue Manin, Paris, France;Rue Manin, 75019 Paris, France;48.88333;2.38841
113;Space Invader PA_0201; 19 rue Georges Lardennois, Paris, France;19 Rue Georges Lardennois, 75019 Paris, France;48.87807;2.37691
114;Space Invader PA_0935; 2 rue Cambronne, Paris, France;2 Rue Cambronne, 75015 Paris, France;48.84689;2.30116
115;Space Invader PA_0941; 103 rue Cambronne, Paris, France;103 Rue Cambronne, 75015 Paris, France;48.84178;2.30343
116;Space Invader PA_0847; métro Volontaires, Paris, France;Métro-Volontaires, Paris, France;48.84181976;2.307838917
117;Space Invader PA_1141; Agence Spatiale Européenne, Paris, France;Paris, Paris, France;48.85720825;2.341439962
118;Space Invader PA_1284; pont ferroviaire, Paris, France;Paris, Paris, France;48.85720825;2.341439962
119;Space Invader PA_0207; 7 rue Damrémont, Paris, France;7 Rue Damrémont, 75018 Paris, France;48.8876599;2.33256
120;Space Invader PA_0439; 134 boulevard de Clichy, Paris, France;134 Boulevard de Clichy, 75018 Paris, France;48.88412;2.32831
121;Space Invader PA_1289 & PA_1290, ;place de l'Alma, Paris, France;Place de l'Alma, 75008 Paris, France;48.86443;2.3017599
122;Space Invader PA_0456; 1 place d'Iéna, Paris, France;1 Place d'Iéna, 75116 Paris, France;48.86453;2.2942999
123;Space Invader PA_0514; Palais de Tokyo, Paris, France;Palais de Tokyo, Paris, France;48.86412048;2.297209978
124;Space Invader PA_0424; 13 rue de la Manutention, Paris, France;Rue de la Manutention, 75116 Paris, France;48.86407;2.296
125;Space Invader PA_1257; 1 avenue du Président Wilson, Paris, France;1 Avenue du Président Wilson, 75116 Paris, France;48.86478;2.3003
126;Space Invader PA_0534; entrée du Palais de Tokyo, Paris, France;Palais de Tokyo, Paris, France;48.86412048;2.297209978
127;Space Invader PA_0381; place Joffre, Paris, France;Place Joffre, 75007 Paris, France;48.85274;2.30319
128;Space Invader PA_0980; sous le pont du boulevard de Bercy, Paris, France;Boulevard de Bercy, 75012 Paris, France;48.83969;2.3839
129;Space Invader PA_1261; 73 boulevard de Bercy, Paris, France;Boulevard de Bercy, 75012 Paris, France;48.83969;2.3839
130;Space Invader PA_1285; porte de Bagnolet, Paris, France;Porte de Bagnolet, Paris, France;48.8645668;2.407278061
131;Space Invader PA_0785; face au 130 rue de Bagnolet, Paris, France;130 Rue de Bagnolet, 75020 Paris, France;48.86088;2.40502
132;Space Invader PA_0817; 1 rue Saint-Blaise, Paris, France;1 Rue Saint-Blaise, 75020 Paris, France;48.86018;2.40431
133;Space Invader PA_0119& PA_0824, ;102 rue de Bagnolet, Paris, France;102 Rue de Bagnolet, 75020 Paris, France;48.85936;2.40271
134;Space Invader PA_1045; 3 rue de la Chine, Paris, France;3 Rue de la Chine, 75020 Paris, France;48.86465;2.4013
135;Space Invader PA_0771; 132 rue des Pyrénées, Paris, France;132 Rue des Prés-Paris, 74970 Marignier, France;46.0839013;6.5128798
136;Space Invader PA_0830; 68 rue des Orteaux, Paris, France;68 Rue des Orteaux, 75020 Paris, France;48.8561;2.40525
137;Space Invader PA_0610; passage Stendhal, Paris, France;Passage Stendhal, 75020 Paris, France;48.8616699;2.4009999
138;Space Invader PA_0191; 21 chemin du Parc de Charonne, Paris, France;21 Chemin du Parc de Charonne, 75020 Paris, France;48.86081;2.40285
139;Space Invader PA_1155; pont piéton de la rue Lucien Lambeau, Paris, France;Rue Lucien Lambeau, 75020 Paris, France;48.85774;2.41319
140;Space Invader PA_0132; 97 rue des Maraîchers, Paris, France;97 Rue des Maraîchers, 75020 Paris, France;48.85627;2.40529
141;Space Invader PA_1250; 176 rue de Bagnolet, Paris, France;176 Rue de Bagnolet, 75020 Paris, France;48.864;2.40813
142;Space Invader PA_0278; 53 rue des Maraîchers, Paris, France;53 Rue des Maraîchers, 75020 Paris, France;48.85295;2.40652
143;Space Invader PA_0350; école primaire de l'avenue d'Ivry, Paris, France;Avenue d'Ivry, 75013 Paris, France;48.82382;2.36462
144;Space Invader PA_0225; sur le pont du periph' porte d'Ivry, Paris, France;Métro-Porte d'Ivry, Paris, France;48.82165909;2.369950056
145;Space Invader PA_1178; 82 boulevard Masséna, Paris, France;82 Boulevard Masséna, 75013 Paris, France;48.82141;2.3681899
146;Space Invader PA_1108; 98 rue de Tolbiac, Paris, France;98 Rue de Tolbiac, 75013 Paris, France;48.8267743;2.3638612
147;Space Invader PA_1179; 213 boulevard Vincent Auriol, Paris, France;213 Boulevard Vincent Auriol, 75013 Paris, France;48.83077;2.35672
148;Space Invader PA_1292; 13 rue Darwin, Paris, France;13 Rue Darwin, 75018 Paris, France;48.8901899;2.33905
149;Space Invader PA_1022; 27 rue Francœoeur, Paris, France;27 Rue Francoeur, 75018 Paris, France;48.89084;2.34034
150;Space Invader PA_1232; 102 rue du Mont Cenis, Paris, France;102 Rue du Mont-Cenis, 75018 Paris, France;48.89533;2.34601
151;Space Invader PA_1106; 1 rue Ferdinand Flocon, Paris, France;1 Rue Ferdinand Flocon, 75018 Paris, France;48.89101;2.34549
152;Space Invader PA_0988; métro Barbès-Rochechouart, Paris, France;Boulevard de Rochechouart, 75018 Paris, France;48.8825999;2.34339
153;Space Invader PA_0712; 20 rue de Dunkerque, Paris, France;20 Rue de Dunkerque, 75010 Paris, France;48.88039;2.35346
154;Space Invader PA_1256; 29 rue des Petits Hôtels, Paris, France;29 Rue des Petits-Hôtels, 75010 Paris, France;48.87756;2.35207
155;Space Invader PA_1112; place de l'Iris, Paris, France;Villa des Iris, 75019 Paris, France;48.87757;2.4034399
156;Space Invader PA_0309; 1 boulevard de l'Amiral Bruix, Paris, France;Boulevard de l'Amiral Bruix, 75116 Paris, France;48.87542;2.2799
157;Space Invader PA_1143; place du Général Patton, Paris, France;Place du Général Patton, 75116 Paris, France;48.87618;2.28716
158;Space Invader PA_1144; 18 rue Piccini, Paris, France;18 Rue Piccini, 75116 Paris, France;48.8749649;2.2841669
159;Space Invader PA_0560; 65 boulevard Flandrin, Paris, France;65 Boulevard Flandrin, 75116 Paris, France;48.86855;2.27407
160;Space Invader PA_1216; 1 rue Duret, Paris, France;1 Rue Duret, 75116 Paris, France;48.87334;2.28498
161;Space Invader PA_0939; métro Denfert-Rochereau, Paris, France;Métro-Denfert Rochereau, Paris, France;48.83401489;2.331986904
162;Space Invader PA_0112; 19 rue Gassendi, Paris, France;19 Rue Gassendi, 75014 Paris, France;48.83505;2.32702
163;Space Invader PA_0312; parvis de Saint-Pierre de Montrouge, Paris, France;Saint-Pierre de Montrouge, Paris, France;48.82846451;2.327204943
164;Space Invader PA_1239; 54 avenue Paul Vaillant Couturier, Paris, France;Avenue Paul Vaillant-Couturier, 75014 Paris, France;48.81652;2.33811
165;Space Invader PA_1071; 58 rue d'Anjou, Paris, France;58 Rue d'Anjou, 75008 Paris, France;48.8739599;2.32269
166;Space Invader PA_1072; 32 rue Pasquier, Paris, France;32 Rue Pasquier, 75008 Paris, France;48.87324;2.32371
167;Space Invader PA_1074; 22 rue du Cirque, Paris, France;Rue du Cirque, 75008 Paris, France;48.8703999;2.31452
168;Space Invader PA_0776; 14 rue Castellane, Paris, France;14 Rue de Castellane, 75008 Paris, France;48.8726;2.32428
169;Space Invader PA_1080; Espace Pierre Cardin, Paris, France;Espace Pierre Cardin, Paris, France;48.8675499;2.318408966
170;Space Invader PA_0413; 3 boulevard Malsherbes, Paris, France;3 Boulevard Malesherbes, 75008 Paris, France;48.86996;2.32306
171;Space Invader PA_0449; 73 rue du Faubourg Saint-Honoré, Paris, France;73 Rue du Faubourg Saint-Honoré, 75008 Paris, France;48.87149;2.31485
172;Space Invader PA_0727; 51 rue de Clichy, Paris, France;51 Rue de Clichy, 75009 Paris, France;48.88071;2.32859
173;Space Invader PA_0484; 24 rue de Vienne, Paris, France;24 Rue de Vienne, 75008 Paris, France;48.87817;2.3228399
174;Space Invader PA_0583; 2 impasse d'Amsterdam, Paris, France;2 Impasse d'Amsterdam, 75008 Paris, France;48.8778099;2.32647
175;Space Invader PA_0386; croisement rue de Rome/bvd des Batignolles, Paris, France;Boulevard des Batignolles, 75017 Paris, France;48.88284;2.32365
176;Space Invader PA_0206; place de Clichy, Paris, France;Place de Clichy, Paris, France;48.88351822;2.327394009
177;Space Invader PA_0945; 81 rue de la Folie Méricourt, Paris, France;81 Rue de la Folie-Méricourt, 75011 Paris, France;48.86644;2.36977
178;Space Invader PA_0882; 29 boulevard Jules Ferry, Paris, France;29 Boulevard Jules Ferry, 75011 Paris, France;48.86849;2.36705
179;Space Invader PA_0245; 47 rue Oberkampf, Paris, France;47 Rue Oberkampf, 75011 Paris, France;48.86456;2.3719199
180;Space Invader PA_0774; 119 avenue Parmentier, Paris, France;119 Avenue Parmentier, 75011 Paris, France;48.86857;2.3719
181;Space Invader PA_1206; 22 avenue de la République, Paris, France;22 Avenue de la République, 75011 Paris, France;48.86622;2.36875
182;Space Invader PA_0522; Square Jules Ferry, Paris, France;Square Jules Ferry, Paris, France;48.86767578;2.367933035
183;Space Invader PA_1248; 101 boulevard Richard Lenoir, Paris, France;101 Boulevard Richard Lenoir, 75011 Paris, France;48.86407;2.37049
184;Space Invader PA_0730; 6 rue Bleue, Paris, France;6 Rue Bleue, 75009 Paris, France;48.87589;2.34726
185;Space Invader PA_0931; 2 rue Ambroise Thomas, Paris, France;2 Rue Ambroise Thomas, 75009 Paris, France;48.87415;2.34737
186;Space Invader PA_1007; 11 rue Drouot, Paris, France;11 Rue Drouot, 75009 Paris, France;48.87338;2.34045
187;Space Invader PA_0930; 8 rue de Trévise, Paris, France;8 Rue de Trévise, 75009 Paris, France;48.87318;2.34522
188;Space Invader PA_1124; 11 rue Chauchat, Paris, France;11 Rue Chauchat, 75009 Paris, France;48.87324;2.33946
189;Space Invader PA_0724; 4 rue Papillon, Paris, France;4 Rue Papillon, 75009 Paris, France;48.87595;2.34785
190;Space Invader PA_0703; 47 rue de Charonne, Paris, France;47 Rue de Charonne, 75011 Paris, France;48.85338;2.3776799
191;Space Invader PA_0961; 2 rue Trousseau, Paris, France;2 Rue Trousseau, 75011 Paris, France;48.85084;2.37867
192;Space Invader PA_0133; 7 passage de la Main d'Or, Paris, France;7 Passage de la Main-d'Or, 75011 Paris, France;48.8516;2.37788
193;Space Invader PA_0944; 10 rue Faidherbe, Paris, France;10 Rue Faidherbe, 75011 Paris, France;48.8509;2.3845
194;Space Invader PA_0908; 10 cité Beauharnais, Paris, France;10 Cité Beauharnais, 75011 Paris, France;48.85362;2.38977
195;Space Invader PA_1098; 1 cité Voltaire, Paris, France;1 Cité Voltaire, 75011 Paris, France;48.85257;2.38935
196;Space Invader PA_0452; 5 passage Saint-Antoine, Paris, France;5 Passage Saint-Antoine, 75011 Paris, France;48.85284;2.3763899
197;Space Invader PA_0415; 34 rue Titon, Paris, France;34 Rue Titon, 75011 Paris, France;48.85286;2.38636
198;Space Invader PA_0615; 17 passage de la Bonne Graine, Paris, France;17 Passage de la Bonne Graine, 75011 Paris, France;48.85258;2.37664
199;Space Invader PA_0323; 102 rue de Charonne, Paris, France;102 Rue de Charonne, 75011 Paris, France;48.85441;2.38444
200;Space Invader PA_0369; 7 rue Jules Vallès, Paris, France;7 Rue Jules Vallès, 75011 Paris, France;48.8533199;2.3850699
201;Space Invader PA_0226; 83 rue d'Hauteville, Paris, France;83 Rue d'Hauteville, 75010 Paris, France;48.87684;2.35124
202;Space Invader PA_0947; 105 rue du Faubourg Saint-Denis, Paris, France;105 Rue du Faubourg Saint-Denis, 75010 Paris, France;48.87505;2.35571
203;Space Invader PA_1011; 1 rue Martel, Paris, France;1 Rue Martel, 75010 Paris, France;48.87352;2.35264
204;Space Invader PA_0948; 33 rue du Faubourg Saint-Denis, Paris, France;33 Rue du Faubourg Saint-Denis, 75010 Paris, France;48.87092;2.35315
205;Space Invader PA_0946; 1 rue de Metz, Paris, France;1 Rue de Metz, 75010 Paris, France;48.87064;2.35441
206;Space Invader PA_1067; 1 rue de la Fidélité, Paris, France;1 Rue de la Fidélité, 75010 Paris, France;48.8745199;2.35674
207;Space Invader PA_1220; 7 rue d'Enghien, Paris, France;7 Rue d'Enghien, 75010 Paris, France;48.87165;2.3527999
208;Space Invader PA_0881; 20 rue du Bac, Paris, France;20 Rue du Bac, 75007 Paris, France;48.85819;2.32822
209;Space Invader PA_0630; 30 rue de Martignac, Paris, France;30 Rue de Martignac, 75007 Paris, France;48.85755;2.31811
210;Space Invader PA_0797; 77 rue de Lille, Paris, France;77 Rue de Lille, 75007 Paris, France;48.8599;2.32485
211;Space Invader PA_0880; 4 rue de Beaune, Paris, France;4 Rue de Beaune, 75007 Paris, France;48.85888;2.32985
212;Space Invader PA_0801; maison de Serge Gainsbourg, Paris, France;Maison De Serge Gainsbourg, Paris, France;48.85724258;2.331731081
213;Space Invader PA_0844& PA_0918, ;20 rue de Courcelles, Paris, France;20 Rue de Courcelles, 75008 Paris, France;48.87418;2.31027
214;Space Invader PA_0862; 127 rue du Faubourg Saint-Honoré, Paris, France;127 Rue du Faubourg Saint-Honoré, 75008 Paris, France;48.87327;2.30941
215;Space Invader PA_0845; 73 rue La Boétie, Paris, France;73 Rue La Boétie, 75008 Paris, France;48.87236;2.3097
216;Space Invader PA_0653; 3 rue du Colisée, Paris, France;3 Rue du Colisée, 75008 Paris, France;48.87043;2.30726
217;Space Invader PA_1089; 79 rue de la Boétie, Paris, France;79 Rue La Boétie, 75008 Paris, France;48.87207;2.30913
218;Space Invader PA_0423; 63 avenue Franklin Delano Roosevelt, Paris, France;63 Avenue Franklin Delano Roosevelt, 75008 Paris, France;48.87187;2.30987
219;Space Invader PA_0892; 7 avenue Myron Herrick, Paris, France;7 Avenue Myron Herrick, 75008 Paris, France;48.87376;2.30988
220;Space Invader PA_1101; 7 avenue Matignon, Paris, France;7 Avenue Matignon, 75008 Paris, France;48.86992;2.31148
221;Space Invader PA_0178; 165 rue du Faubourg Saint-Honoré, Paris, France;165 Rue du Faubourg Saint-Honoré, 75008 Paris, France;48.87466;2.30595
222;Space Invader PA_0069; 40 rue du Banquier, Paris, France;40 Rue du Banquier, 75013 Paris, France;48.8347;2.35424
223;Space Invader PA_1180; 47 avenue des Gobelins, Paris, France;47 Avenue des Gobelins, 75013 Paris, France;48.83518;2.35328
224;Space Invader PA_0024; 73 avenue des Gobelins, Paris, France;73 Avenue des Gobelins, 75013 Paris, France;48.83339;2.35453
225;Space Invader PA_1293; 2 rue Titien, Paris, France;2 Rue Titien, 75013 Paris, France;48.83599;2.35842
226;Space Invader PA_0146; 2 rue Véronèse, Paris, France;2 Rue de Paris, 33700 Mérignac, France;44.82524;-0.61926
227;Space Invader PA_1228; 22 rue Watteau, Paris, France;22 Rue Watteau, 75013 Paris, France;48.83449;2.35731
228;Space Invader PA_0870; au dessus de chez Prune, Paris, France;Paris, Paris, France;48.85720825;2.341439962
229;Space Invader PA_0932; Théâtre de la Renaissance, Paris, France;Théâtre de la Renaissance, Paris, France;48.86886978;2.357095957
230;Space Invader PA_1154; 0 rue Léon Jouhaux, Paris, France;Rue Léon Jouhaux, 75010 Paris, France;48.86921;2.36456
231;Space Invader PA_1163; 8 place Jacques Bonsergent, Paris, France;8 Place Jacques Bonsergent, 75010 Paris, France;48.8711399;2.36112
232;Space Invader PA_1019; 23 rue des Vinaigriers, Paris, France;23 Rue des Vinaigriers, 75010 Paris, France;48.8731;2.36312
233;Space Invader PA_0713; 1 rue Taylor, Paris, France;1 Rue Taylor, 75010 Paris, France;48.8691699;2.35884
234;Space Invader PA_0270; 2 rue Yves Toudic, Paris, France;2 Rue Yves Toudic, 75010 Paris, France;48.86835;2.36532
235;Space Invader PA_1207; 31 rue Lucien Sampaix, Paris, France;31 Rue Lucien Sampaix, 75010 Paris, France;48.87303;2.36129
236;Space Invader PA_1212; 16 place Jacques Bonsergent, Paris, France;16 Place Jacques Bonsergent, 75010 Paris, France;48.87144;2.36071
237;Space Invader PA_0883; 3 rue Curial, Paris, France;3 Rue Curial, 75019 Paris, France;48.88962;2.37127
238;Space Invader PA_1105; 16 boulevard de la Chapelle, Paris, France;16 Boulevard de la Chapelle, 75018 Paris, France;48.8846;2.36354
239;Space Invader PA_1218; 2 rue Mathys, Paris, France;2 Rue Mathis, 75019 Paris, France;48.8907;2.3764
240;Space Invader PA_0390; 1 passage Gustave Lepeu, Paris, France;1 Passage Gustave Lepeu, 75011 Paris, France;48.8560299;2.38639
241;Space Invader PA_1039; 1 impasse Delaunay, Paris, France;1 Impasse Delaunay, 75011 Paris, France;48.85507;2.38598
242;Space Invader PA_0852; 10 rue Saint-Maur, Paris, France;10 Rue Saint-Maur, 75011 Paris, France;48.8593;2.38302
243;Space Invader PA_0999; 136 rue de la Roquette, Paris, France;136 Rue de la Roquette, 75011 Paris, France;48.8577;2.38091
244;Space Invader PA_0960; 141 boulevard Philippe Auguste, Paris, France;141 Rue Auguste Philippe, 08200 Saint-Menges, France;49.7390917;4.9239901
245;Space Invader PA_1009; 1 boulevard de Ménilmontant, Paris, France;1 Boulevard de Ménilmontant, 75011 Paris, France;48.85859;2.3892
246;Space Invader PA_1115; 208 rue de la Roquette, Paris, France;208 Rue de la Roquette, 75011 Paris, France;48.8596236;2.3885087
247;Space Invader PA_1146; 154 rue du Chemin Vert, Paris, France;154 Rue du Chemin Vert, 75011 Paris, France;48.86272;2.387
248;Space Invader PA_1243; 15 boulevard de Ménilmontant, Paris, France;15 Boulevard de Ménilmontant, 75011 Paris, France;48.85942;2.38881
249;Space Invader PA_0833; dans l'Abribus, Paris, France;Paris, Paris, France;48.85720825;2.341439962
250;Space Invader PA_0717; 2 rue des Orteaux, Paris, France;2 Rue des Orteaux, 75020 Paris, France;48.85689;2.39798
251;Space Invader PA_0838; 113 boulevard de Charonne, Paris, France;Boulevard de Charonne, 75020 Paris, France;48.85493;2.39573
252;Space Invader PA_0832; 100 rue de la Réunion, Paris, France;100 Rue de la Réunion, 75020 Paris, France;48.85756;2.39946
253;Space Invader PA_0871; 29 rue de Terre Neuve, Paris, France;29 Rue de Terre-Neuve, 75020 Paris, France;48.85496;2.3991699
254;Space Invader PA_0831; métro Buzenval, Paris, France;Métro-Buzenval, Paris, France;48.85189438;2.400949001
255;Space Invader PA_0821; édicule EDF face au 81 boulevard de Charonne, Paris, France;81 Boulevard de Charonne, 75011 Paris, France;48.8544399;2.39569
256;Space Invader PA_0131; 53 rue des Orteaux, Paris, France;53 Rue des Orteaux, 75020 Paris, France;48.8564999;2.40307
257;Space Invader PA_0535; 37 rue de Terre Neuve, Paris, France;Rue de Terre-Neuve, 75020 Paris, France;48.85466;2.39864
258;Space Invader PA_1186; 32 impasse de la Confiance, Paris, France;Impasse de la Confiance, 75020 Paris, France;48.85352;2.39962
259;Space Invader PA_1204; 61 rue d'Avron, Paris, France;61 Rue d'Avron, 75020 Paris, France;48.85224;2.40306
260;Space Invader PA_0568; 2 rue de l'Aqueduc, Paris, France;2 Rue de l'Aqueduc, 75010 Paris, France;48.87995;2.35893
261;Space Invader PA_0565; 3 rue Philippe de Girard, Paris, France;3 Rue Philippe de Girard, 75010 Paris, France;48.88096;2.36184
262;Space Invader PA_0609; 35 boulevard de la Chapelle, Paris, France;35 Boulevard de la Chapelle, 75010 Paris, France;48.88422;2.35986
263;Space Invader PA_1090; métro Stalingrad, Paris, France;Métro-Stalingrad, Paris, France;48.88426971;2.369261026
264;Space Invader PA_0444; 14 rue Chaudron, Paris, France;14 Rue Chaudron, 75010 Paris, France;48.88314;2.36585
265;Space Invader PA_0240; face au 23 boulevard Diderot, Paris, France;23 Boulevard Diderot, 75012 Paris, France;48.84598;2.3735
266;Space Invader PA_0542; 5 rue de Rambouillet, Paris, France;5 Rue de Rambouillet, 75012 Paris, France;48.84349;2.37931
267;Space Invader PA_0957; 86 Quai de la Rapée, Paris, France;86 Quai de la Rapée, 75012 Paris, France;48.84483;2.36913
268;Space Invader PA_1129; 19 rue Parrot, Paris, France;19 Rue Parrot, 75012 Paris, France;48.84718;2.37494
269;Space Invader PA_1130; face au 194 rue de Bercy, Paris, France;194 Rue de Bercy, 75012 Paris, France;48.8446575;2.3722657
270;Space Invader PA_0200; face au 194 rue de Bercy, Paris, France;194 Rue de Bercy, 75012 Paris, France;48.8446575;2.3722657
271;Space Invader PA_0218; Tunnel Van-Gogh, Paris, France;Paris, Paris, France;48.85720825;2.341439962
272;Space Invader PA_0243; 8bis rue Abel, Paris, France;8BIS Rue Abel, 75012 Paris, France;48.84668;2.37504
273;Space Invader PA_1191 1192, 1193, 1194 & 1195, ;le long de la D126B, Paris, France;Paris, Paris, France;48.85720825;2.341439962
274;Space Invader PA_0315; face au 32 boulevard Auguste Blanqui, Paris, France;32 Boulevard Auguste Blanqui, 75013 Paris, France;48.83044;2.35136
275;Space Invader PA_0937; face au 80 boulevard Auguste Blanqui, Paris, France;80 Boulevard Auguste Blanqui, 75013 Paris, France;48.83069;2.3464
276;Space Invader PA_0854; 1 rue de Tombouctou, Paris, France;1 Rue de Tombouctou, 75018 Paris, France;48.88452;2.35617
277;Space Invader PA_1233; 2 rue Poissonnière, Paris, France;2 Rue Poissonnière, 75002 Paris, France;48.86857;2.34778
278;Space Invader PA_0906; 9 rue de la Goutte d'Or, Paris, France;9 Rue de la Goutte-d'Or, 75018 Paris, France;48.88493;2.35456
279;Space Invader PA_1145; 1 rue de la Croix Jarry, Paris, France;Rue de la Croix-Jarry, 75013 Paris, France;48.82716;2.38179
280;Space Invader PA_0943; entrée des Frigos, Paris, France;Paris, Paris, France;48.85720825;2.341439962
281;Space Invader PA_0950; métro Dupleix, Paris, France;Métro-Dupleix, Paris, France;48.85067368;2.292712927
282;Space Invader PA_0967; 105 quai Branly, Paris, France;105 Quai Branly, 75015 Paris, France;48.85459;2.28916
283;Space Invader PA_0597; métro La Motte-Picquet-Grenelle, Paris, France;Métro-la Motte-Picquet-Grenelle, Paris, France;48.84906387;2.297804117
284;Space Invader PA_0666; face au 29 quai de grenelle, Paris, France;29 Quai de Grenelle, 75015 Paris, France;48.85268;2.28641
285;Space Invader PA_0951; face au 75 boulevard de Grenelle, Paris, France;75 Boulevard de Grenelle, 75015 Paris, France;48.8504398;2.2943814
286;Space Invader PA_0966; pont de Bir-Hakeim, Paris, France;Pont de Bir-Hakeim, 75015 Paris, France;48.85555;2.28784
287;Space Invader PA_0598; 1 avenue de la Motte-Picquet, Paris, France;1 Avenue de la Motte-Picquet, 75007 Paris, France;48.85718;2.31017
288;Space Invader PA_1125; 88 rue de Provence, Paris, France;88 Rue de Provence, 75009 Paris, France;48.87433;2.33045
289;Space Invader PA_1181; 58 rue Caumartin, Paris, France;58 Rue de Caumartin, 75009 Paris, France;48.87487;2.32858
290;Space Invader PA_1230; 7 rue Lafayette, Paris, France;7 Rue La Fayette, 75009 Paris, France;48.87359;2.33479
291;Space Invader PA_1278; 80 rue de Provence, Paris, France;80 Rue de Provence, 75009 Paris, France;48.8743924;2.3309796
292;Space Invader PA_0991; 33 boulevard de la Villette, Paris, France;33 Boulevard de la Villette, 75010 Paris, France;48.8741;2.3743599
293;Space Invader PA_0430; le Comptoire Général, Paris, France;Paris, Paris, France;48.85720825;2.341439962
294;Space Invader PA_0448; 80 quai Jemmapes, Paris, France;80 Quai de Jemmapes, 75010 Paris, France;48.87215;2.36515
295;Space Invader PA_0853; 12 rue de la Grange aux Belles, Paris, France;12 Rue de la Grange-aux-Belles, 75010 Paris, France;48.8739599;2.36545
296;Space Invader PA_1147; pont de la Grange aux Belles, Paris, France;Paris, Paris, France;48.85720825;2.341439962
297;Space Invader PA_0507; 21 rue Juliette Dodu, Paris, France;21 Rue Juliette Dodu, 75010 Paris, France;48.87531;2.36906
298;Space Invader PA_0120; 44 quai de Jemmapes, Paris, France;44 Quai de Jemmapes, 75010 Paris, France;48.86954;2.36718
299;Space Invader PA_0869; quai de Valmy, Paris, France;Quai de Valmy, 75010 Paris, France;48.87686;2.3647
300;Space Invader PA_0394; pont Saint-Michel, Paris, France;Pont Saint-Michel, Paris, France;48.85416794;2.344722033
301;Space Invader PA_1246; 12 pont Saint-Louis, Paris, France;12 Cour Saint-Louis, 75011 Paris, France;48.8521773;2.3724427
302;Space Invader PA_1166; 1 quai de Bourbon, Paris, France;1 Quai de Bourbon, 75004 Paris, France;48.85243;2.35692
303;Space Invader PA_0334; 7-13 Place Valhubert, Paris, France;Place Valhubert, 75013 Paris, France;48.84376;2.36538
304;Space Invader PA_0502; 29 rue Censier, Paris, France;29 Rue Censier, 75005 Paris, France;48.84035;2.35292
305;Space Invader PA_0767; 0 rue du Fer à Moulin, Paris, France;Rue du Fer-à-Moulin, 75005 Paris, France;48.8389499;2.3535499
306;Space Invader PA_1088; 77 rue Buffon, Paris, France;Rue Buffon, 75005 Paris, France;48.84225;2.36008
307;Space Invader PA_0684; 23bis rue Poliveau, Paris, France;23BIS Rue Poliveau, 75005 Paris, France;48.84023;2.3593799
308;Space Invader PA_0122 (sous le lierre); rue de la Clef, Paris, France;Rue de la Clef, 75005 Paris, France;48.84211;2.35265
309;Space Invader PA_0593; place Balard sous la Petite Ceinture, Paris, France;Place Balard, 75015 Paris, France;48.83649;2.27845
310;Space Invader PA_0233; 1 rue des Cévennes, Paris, France;1 Rue des Cévennes, 75015 Paris, France;48.84444;2.2762699
311;Space Invader PA_0543; 1 rue Duchefdelaville, Paris, France;1 Rue Duchefdelaville, 75013 Paris, France;48.8324799;2.37094
312;Space Invader PA_0459; métro Chevaleret, Paris, France;Métro-Chevaleret, Paris, France;48.83454514;2.367082119
313;Space Invader PA_1134; 74 rue de Tolbiac, Paris, France;74 Rue de Tolbiac, 75013 Paris, France;48.82717;2.36694
314;Space Invader PA_0058; 14 rue Louise Weiss, Paris, France;14 Rue Louise Weiss, 75013 Paris, France;48.83334;2.37073
315;Space Invader PA_0460; 39P rue Louise Weiss, Paris, France;39P Rue Louise Weiss, 75013 Paris, France;48.83448;2.36935
316;Space Invader PA_0385; 41 rue Dunois, Paris, France;41 Rue Dunois, 75013 Paris, France;48.83151;2.3685299
317;Space Invader PA_1055; bretelle de sortie de l'autoroute de l'Est, Paris, France;Paris, Paris, France;48.85720825;2.341439962
318;Space Invader PA_0329; 14 rue Pajol, Paris, France;14 Rue Pajol, 75018 Paris, France;48.88585;2.36091
319;Space Invader PA_0990; métro La Chapelle, Paris, France;Métro-la Chapelle, Paris, France;48.88434601;2.359489918
320;Space Invader PA_1018; place Paul Eluard, Paris, France;Place Paul Éluard, 75018 Paris, France;48.89009;2.36016
321;Space Invader PA_1238; Cimetière de la Courneuve, Paris, France;La Courneuve, Seine-St.-Denis, France;48.92695999;2.389219999
322;Space Invader PA_1005; 89 rue Oberkampf, Paris, France;89 Rue Oberkampf, 75011 Paris, France;48.86529;2.37546
323;Space Invader PA_0532; 113 rue Oberkampf, Paris, France;113 Rue Oberkampf, 75011 Paris, France;48.86591;2.37815
324;Space Invader PA_0446; 174 rue Saint-Maur, Paris, France;174 Rue Saint-Maur, 75011 Paris, France;48.87034;2.37324
325;Space Invader PA_1047; 88ter avenue Parmentier, Paris, France;88TER Avenue Parmentier, 75011 Paris, France;48.86494;2.3749699
326;Space Invader PA_0271; 7 rue Vancouleurs, Paris, France;7 Rue de Vaucouleurs, 75011 Paris, France;48.86898;2.37757
327;Space Invader PA_0073; 93 rue Jean-Pierre Timbaud, Paris, France;93 Rue Jean-Pierre Timbaud, 75011 Paris, France;48.86834;2.37926
328;Space Invader PA_0248; 64 rue de la Fontaine au Roi, Paris, France;64 Rue de la Fontaine-au-Roi, 75011 Paris, France;48.86826;2.37444
329;Space Invader PA_0293; 84 rue du Faubourg du Temple, Paris, France;84 Rue du Faubourg du Temple, 75011 Paris, France;48.8706699;2.3734099
330;Space Invader PA_0384; 26 rue du Moulin Joly, Paris, France;26 Rue du Moulin-Joly, 75011 Paris, France;48.86988;2.3782899
331;Space Invader PA_0466; 51 rue de la Fontaine au Roi, Paris, France;51 Rue de la Fontaine-au-Roi, 75011 Paris, France;48.86816;2.37346
332;Space Invader PA_0049; 117 rue Oberkampf, Paris, France;117 Rue Oberkampf, 75011 Paris, France;48.86601;2.3785599
333;Space Invader PA_0222; 94 rue du Faubourg du Temple, Paris, France;94 Rue du Faubourg du Temple, 75011 Paris, France;48.87103;2.37427
334;Space Invader VRS_001; 2 rue du Baillage, Paris, France;2 Rue du Bailliage, 78000 Versailles, France;48.80757;2.1309
335;Space Invader VRS_002; rue des 2 Portes, Paris, France;Rue des 3 Portes, 75005 Paris, France;48.8511;2.34856
336;Space Invader VRS_005; 10 rue de Fontenay, Paris, France;Avenue de Fontenay, 75012 Paris, France;48.84071;2.46171
337;Space Invader VRS_004; carré à la Marée, Paris, France;La Mare Paris, Yvelines, France;48.69192886;1.788400054
338;Space Invader VRS_003; 1 rue des Deux Portes, Paris, France;1 Passage des 2 Portes, 75020 Paris, France;48.85903;2.4049299
339;Space Invader VRS_006; 2 avenue de Paris, Paris, France;Avenue de Paris, 75012 Paris, France;48.84462;2.4384
340;Space Invader VRS_007; 2 rue Saint-Lazare, Paris, France;2 Rue Saint-Lazare, 75009 Paris, France;48.87688;2.3388399
341;Space Invader VRS_008; 40 rue du Vieux Versailles, Paris, France;40 Rue du Vieux Versailles, 78000 Versailles, France;48.8002899;2.12468
342;Space Invader VRS_009; 12 avenue du Général de Gaulle, Paris, France;Boulevard du Général de Gaulle, 75013 Paris, France;48.81597;2.35776
343;Space Invader VRS_011; 65 avenue de Saint-Cloud, Paris, France;Avenue de Saint-Cloud, 75016 Paris, France;48.8626999;2.26627
344;Space Invader VRS_012; 1 place Hoche, Paris, France;1 Place André Paris, 22380 Saint-Cast-le-Guildo, France;48.63149;-2.26009
345;Space Invader PA_0524; 244 avenue du Général de Gaulle, Paris, France;Boulevard du Général de Gaulle, 75013 Paris, France;48.81597;2.35776
346;Space Invader PA_0608; 1 avenue du Général de Gaulle, Paris, France;Boulevard du Général de Gaulle, 75013 Paris, France;48.81597;2.35776
347;Space Invader PA_1026; 52 Grande Rue Charles-de-Gaulle, Paris, France;52 Grande Rue Charles de Gaulle, 92600 Asnières-sur-Seine, France;48.90827;2.28647
348;Space Invader PA_1234; Obélisque de Villeneuve-le-Comte, Paris, France;Rue de Paris, 77174 Villeneuve-le-Comte, France;48.81589;2.82703
349;Space Invader PA_1117; Terminal 2D Porte 6, Paris, France;Paris, Paris, France;48.85720825;2.341439962
350;Space Invader PA_0611; boulevard Georges Braque, Paris, France;Rue Georges Braque, 75014 Paris, France;48.82326;2.33483
351;Space Invader PA_1020; 86 rue Championnet, Paris, France;86 Rue Championnet, 75018 Paris, France;48.89586;2.34288
352;Space Invader PA_0659; 194 rue Championnet, Paris, France;194 Rue Championnet, 75018 Paris, France;48.89418;2.33215
353;Space Invader PA_0264; 115 rue de la Tour, Paris, France;115 Rue de la Tour, 75116 Paris, France;48.86298;2.27546
354;Space Invader PA_0041; Porte de la Villette, Paris, France;Métro-Porte de la Villette, Paris, France;48.89905167;2.387109995
355;Space Invader PA_1031; face à un entrepôt abandonné, Paris, France;Paris, Paris, France;48.85720825;2.341439962
356;Space Invader PA_0748; Avenue de la Porte de la Villette, Paris, France;Métro-Porte de la Villette, Paris, France;48.89905167;2.387109995
357;Space Invader PA_1122; avenue Corentin Cariou, Paris, France;Avenue Corentin Cariou, 75019 Paris, France;48.89713;2.38495
358;Space Invader PA_0490; 10 rue du Chemin de Fer, Paris, France;10 Rue du Chemin-de-Fer, 75019 Paris, France;48.89957;2.3911699
359;Space Invader PA_1288; 5 quai de Loire, Paris, France;5 Quai de la Loire, 75019 Paris, France;48.88378;2.37142
360;Space Invader PA_0987; 39 quai de la Loire, Paris, France;39 Quai de la Loire, 75019 Paris, France;48.8874;2.37871
361;Space Invader PA_0162; 8 quai de la Seine, Paris, France;8 Quai de la Seine, 75019 Paris, France;48.88487;2.37108
362;Space Invader PA_0823; 145 avenue Jean Jaurès, Paris, France;145 Avenue Jean Jaurès, 75019 Paris, France;48.88688;2.38521
363;Space Invader PA_0599; 2 rue de l'Ourcq, Paris, France;2 Rue de l'Ourcq, 75019 Paris, France;48.88737;2.38474
364;Space Invader PA_0228; pont de la rue de l'Ourcq, Paris, France;Rue de l'Ourcq, 75019 Paris, France;48.8933;2.37708
365;Space Invader PA_1270; passerelle du Bassin de la Villette, Paris, France;Bassin de la Villette, Paris, France;48.88898849;2.386929989
366;Space Invader PA_0454; Assainissement de Valmy, Paris, France;Paris, Paris, France;48.85720825;2.341439962
367;Space Invader PA_0872 & 1148,; Le Point  Ephémère, Paris, France;Paris, Paris, France;48.85720825;2.341439962
368;Space Invader PA_0884; 205 rue La Fayette, Paris, France;205 Rue La Fayette, 75010 Paris, France;48.88112;2.36356
369;Space Invader PA_1085; ancien Couvent des Récollets, Paris, France;Paris, Paris, France;48.85720825;2.341439962
370;Space Invader PA_0441; 7 rue Gabriel Péri, Paris, France;Place Gabriel Péri, 75008 Paris, France;48.87518;2.32477
371;Space Invader PA_0115; impasse des Arbalétriers, Paris, France;Paris, Paris, France;48.85720825;2.341439962
372;Space Invader PA_0158; 7 rue Debelleyme., Paris, France;7 Rue Debelleyme, 75003 Paris, France;48.86068;2.3637
373;Space Invader PA_0555; 11 boulevard Beaumarchais, Paris, France;11 Boulevard Beaumarchais, 75004 Paris, France;48.85455;2.3685299
374;Space Invader PA_0022; 68 rue de Turenne, Paris, France;68 Rue de Turenne, 75003 Paris, France;48.85974;2.36466
375;Space Invader PA_0682; 21 rue des Francs-Bourgeois, Paris, France;21 Rue des Francs-Bourgeois, 75004 Paris, France;48.85681;2.36293
376;Space Invader PA_0696; 9 rue Debellyeme, Paris, France;9 Rue Debelleyme, 75003 Paris, France;48.86094;2.36339
377;Space Invader PA_0114 & PA_1023, ;26 rue Vieille du Temple, Paris, France;26 Rue Vieille-du-Temple, 75004 Paris, France;48.85714;2.35734
378;Space Invader PA_0504; 52 rue des Rosiers, Paris, France;52 Rue des Rosiers, 75004 Paris, France;48.85774;2.35832
379;Space Invader PA_0878; 17 rue Payenne, Paris, France;17 Rue de Paris, 53350 Ballots, France;47.89541;-1.04734
380;Space Invader PA_0032; 108 rue Vieille du Temple, Paris, France;108 Rue Vieille-du-Temple, 75003 Paris, France;48.86095;2.36281
381;Space Invader PA_0711; 27 rue des Tournelles, Paris, France;27 Rue des Tournelles, 75004 Paris, France;48.8558;2.36723
382;Space Invader PA_0482; 24 rue Pavée, Paris, France;24 Rue Pavée, 75004 Paris, France;48.85711;2.36172
383;Space Invader PA_1063; 28 rue des Archives, Paris, France;28 Rue des Archives, 75004 Paris, France;48.85825;2.35515
384;Space Invader PA_0480; 14 rue du Roi de Sicile, Paris, France;14 Rue du Roi de Sicile, 75004 Paris, France;48.85591;2.35968
385;Space Invader PA_1102; place de Thorigny, Paris, France;Place de Thorigny, 75003 Paris, France;48.85903;2.36216
386;Space Invader PA_1127; 10 rue du Roi Doré, Paris, France;Rue du Roi Doré, 75003 Paris, France;48.8601;2.36412
387;Space Invader PA_0034; 61 rue Vieille du Temple, Paris, France;61 Rue Vieille-du-Temple, 75004 Paris, France;48.85862;2.35847
388;Space Invader PA_0407; 93 rue Vieille du Temple, Paris, France;93 Rue Vieille-du-Temple, 75003 Paris, France;48.86011;2.36091
389;Space Invader PA_0796; 110 rue Vieille du Temple, Paris, France;110 Rue Vieille-du-Temple, 75003 Paris, France;48.86109;2.36303
390;Space Invader PA_0287 & PA_1156, ;12 rue Vieille du Temple, Paris, France;12 Rue Vieille-du-Temple, 75004 Paris, France;48.85646;2.35681
391;Space Invader PA_1161; 42 rue des Francs-Bourgeois, Paris, France;42 Rue des Francs-Bourgeois, 75003 Paris, France;48.85859;2.3590399
392;Space Invader PA_0503; 74 rue de Turenne, Paris, France;74 Rue de Turenne, 75003 Paris, France;48.8604;2.36468
393;Space Invader PA_0084; 15 rue du Pas de la Mule, Paris, France;15 Rue du Pas-de-la-Mule, 75004 Paris, France;48.85597;2.36678
394;Space Invader PA_0378; 45 rue de Poitou, Paris, France;45 Rue de Poitou, 75003 Paris, France;48.86172;2.36133
395;Space Invader PA_1159; 6 place des Ternes, Paris, France;6 Place des Ternes, 75017 Paris, France;48.87842;2.2985699
396;Space Invader PA_0895; place Auguste Baron, Paris, France;Place Auguste Baron, 75019 Paris, France;48.90104;2.38774
397;Space Invader PA_1169; 6 avenue de la Porte de la Chapelle, Paris, France;6 Avenue Porte de la Chapelle, 75018 Paris, France;48.89898;2.35987
398;Space Invader PA_0994; 0 boulevard Duaumont, Paris, France;Boulevard du Fort de Douaumont, 75017 Paris, France;48.89568;2.30707
399;Space Invader PA_1048; Autoroute du Soleil, Paris, France;Rue du Soleil, 75020 Paris, France;48.87457;2.39458
400;Space Invader PA_1041; rond-point d'Espagne, Paris, France;Rond-Point Dauphine, 75012 Paris, France;48.83476;2.43769
401;Space Invader PA_1042; A86 côté cimetière nouveau de Vitry, Paris, France;A86, 75012 Paris, France;48.8208;2.46141
402;Space Invader PA_1043; A86 côté cimetière communal de Choisy, Paris, France;A86, 75012 Paris, France;48.8208;2.46141
403;Space Invader PA_1283; 3 rue des Déchargeurs, Paris, France;3 Rue des Déchargeurs, 75001 Paris, France;48.8596999;2.34596
404;Space Invader PA_0143; place du Châtelet, Paris, France;Place du Châtelet, Paris, France;48.85749817;2.34722209
405;Space Invader PA_0092; 8 rue de la Ferronnerie, Paris, France;8 Rue de la Ferronnerie, 75001 Paris, France;48.86034;2.34734
406;Space Invader PA_1030; 41 rue des Bourdonnais, Paris, France;41 Rue des Bourdonnais, 75001 Paris, France;48.86056;2.34552
407;Space Invader PA_0590; 17 rue Etienne Marcel, Paris, France;17 Rue Étienne Marcel, 75001 Paris, France;48.86367;2.34937
408;Space Invader PA_0355; 4 rue de la Grande Truanderie, Paris, France;4 Rue de la Grande-Truanderie, 75001 Paris, France;48.86268;2.34978
409;Space Invader PA_0295; 4 rue du Jour, Paris, France;4 Rue du Jour, 75001 Paris, France;48.86378;2.34486
410;Space Invader PA_0978; 28 rue Montorgueil, Paris, France;28 Rue Montorgueil, 75001 Paris, France;48.8637;2.34653
411;Space Invader PA_0819; 2 rue Bailleul, Paris, France;2 Rue Bailleul, 75001 Paris, France;48.86096;2.34231
412;Space Invader PA_0720; 19 rue de la Ferronnerie, Paris, France;19 Rue de la Ferronnerie, 75001 Paris, France;48.8601699;2.34739
413;Space Invader PA_1097; 20 rue du Louvre, Paris, France;20 Rue du Louvre, 75001 Paris, France;48.86146;2.34126
414;Space Invader PA_0839; 20 rue de la Grande Truanderie, Paris, France;20 Rue de la Grande-Truanderie, 75001 Paris, France;48.86292;2.34876
415;Space Invader PA_0060; église Saint-Eustache, Paris, France;Impasse Saint-Eustache, 75001 Paris, France;48.86376;2.34547
416;Space Invader PA_1162; 14 rue des Précheurs, Paris, France;14 Rue des Prêcheurs, 75001 Paris, France;48.86208;2.34864
417;Space Invader PA_0354; 13 rue Jean Lantier, Paris, France;13 Rue Jean Lantier, 75001 Paris, France;48.8585474;2.3458221
418;Space Invader PA_1213; 4 rue Berger, Paris, France;4 Rue Berger, 75001 Paris, France;48.8609;2.34849
419;Space Invader PA_1260; 8 rue de l'Amiral de Coligny, Paris, France;8 Rue de l'Amiral de Coligny, 75001 Paris, France;48.86067;2.3409399
420;Space Invader PA_1263; Pont Neuf, Paris, France;Pont Neuf, Paris, France;48.85867691;2.341487885
421;Space Invader PA_1268; Pont-Neuf, Paris, France;Pont Neuf, Paris, France;48.85867691;2.341487885
422;Space Invader PA_0914; 103 rue Baudin, Paris, France;Rue Alphonse Baudin, 75011 Paris, France;48.86067;2.37047
423;Space Invader PA_0915; 69 rue Anatole France, Paris, France;69 Rue Anatole France, 92300 Levallois-Perret, France;48.89143;2.28557
424;Space Invader PA_0152; place de la Concorde, Paris, France;Praça da Concórdia, Paris, France;48.86505508;2.321854115
425;Space Invader PA_0360; 0 rue Saint-Roch, Paris, France;Rue Saint-Roch, 75001 Paris, France;48.86571;2.33248
426;Space Invader PA_1151; métro Tuileries, Paris, France;Métro-Tuileries, Paris, France;48.86434937;2.330204964
427;Space Invader PA_0579; 13 place du Carroussel, Paris, France;Place du Carrousel, 75001 Paris, France;48.86154;2.33454
428;Space Invader PA_0093; pont du Carroussel, Paris, France;Pont du Carrousel, Paris, France;48.86000061;2.333333015
429;Space Invader PA_1217; pont de la Concorde, Paris, France;Pont de la Concorde, Paris, France;48.8633461;2.319560051
430;Space Invader PA_0592; 19 rue Férou, Paris, France;19 Rue Léon Frot, 75011 Paris, France;48.85427;2.3876
431;Space Invader PA_0473; 3 rue Saint-Sulpice, Paris, France;3 Rue Saint-Sulpice, 75006 Paris, France;48.85148;2.33796
432;Space Invader PA_0780; 12 rue Madame, Paris, France;12 Rue Madame, 75006 Paris, France;48.85123;2.33195
433;Space Invader PA_0629; impasse Robiquet, Paris, France;Impasse Robiquet, 75006 Paris, France;48.84382;2.32568
434;Space Invader PA_0180; 14 rue Madame, Paris, France;14 Rue Madame, 75006 Paris, France;48.85113;2.33191
435;Space invader PA_0851; 14 Bis rue de la Grande Chaumière, Paris, France;14BIS Rue de la Grande-Chaumière, 75006 Paris, France;48.84221;2.33038
436;Space Invader PA_0181; 20-24 rue Madame, Paris, France;Rue Madame, 75006 Paris, France;48.84863;2.3316499
437;Space Invader PA_0183; 19 rue de Mézières, Paris, France;19 Rue des Mystères de Paris, 95400 Villiers-le-Bel, France;49.006;2.41281
438;Space Invader PA_0077; 10 rue de Fleurus, Paris, France;10 Rue de Fleurus, 75006 Paris, France;48.84713;2.33128
439;Space Invader PA_1167; 84 rue Bonaparte, Paris, France;84 Rue Bonaparte, 75006 Paris, France;48.84968;2.33258
440;Space Invader PA_1188; 81 rue d'Assas, Paris, France;81 Rue d'Assas, 75006 Paris, France;48.84242;2.33489
441;Space Invader PA_1198; 145 boulevard Raspail, Paris, France;145 Boulevard Raspail, 75006 Paris, France;48.84227;2.32972
442;Space Invader PA_0182; 18 rue Madame, Paris, France;18 Rue Madame, 75006 Paris, France;48.8508535;2.3317096
443;Space Invader PA_0176; 12 rue Cassette, Paris, France;12 Rue Cassette, 75006 Paris, France;48.84984;2.3307699
444;Space Invader PA_1203; 64 rue Monsieur le Prince, Paris, France;64 Rue Monsieur le Prince, 75006 Paris, France;48.84786;2.34081
445;Space Invader PA_0897; 1 boulevard Gabriel Péri, Paris, France;1 Boulevard Gabriel Péri, 93110 Rosny-sous-Bois, France;48.87732;2.4839
446;Space Invader PA_0339; square du Docteur-Grancher, Paris, France;Square du Docteur Grancher, Paris, France;48.86534119;2.39470005
447;Space Invader PA_0744; La Bellevilloise, Paris, France;Paris, Paris, France;48.85720825;2.341439962
448;Space Invader PA_0375; 2 rue de l'Est, Paris, France;2 Rue de l'Est, 75020 Paris, France;48.87095;2.39519
449;Space Invader PA_0411; 68 rue Orfila, Paris, France;68 Rue Orfila, 75020 Paris, France;48.867;2.39798
450;Space Invader PA_0742; 322 rue des Pyrénées, Paris, France;322 Rue des Prés-Paris, 74970 Marignier, France;46.0821488;6.5121251
451;Space Invader PA_0739; 120 rue de Ménilmontant, Paris, France;120 Rue de Ménilmontant, 75020 Paris, France;48.86992;2.39503
452;Space Invader PA_0471; 83 rue de Ménilmontant, Paris, France;83 Rue de Ménilmontant, 75020 Paris, France;48.86885;2.3899
453;Space Invader PA_0737; 21 rue Charles Frédel, Paris, France;21 Rue Charles Friedel, 75020 Paris, France;48.87269;2.39595
454;Space Invader PA_1083; Impasse Cordon-Boussard, Paris, France;Impasse Cordon-Boussard, 75020 Paris, France;48.86568;2.39743
455;Space Invader PA_0516; 129-133 rue de Ménilmontant, Paris, France;Rue de Ménilmontant, 75020 Paris, France;48.86849;2.38888
456;Space Invader PA_0531; 129 rue de Ménilmontant, Paris, France;129 Rue de Ménilmontant, 75020 Paris, France;48.87012;2.39502
457;Space Invader PA_0726; 135 rue de Rome, Paris, France;135 Rue de Rome, 75017 Paris, France;48.88572;2.31661
458;Space Invader PA_0867; 30 boulevard de Courcelles, Paris, France;30 Boulevard de Courcelles, 75017 Paris, France;48.88094;2.3118599
459;Space Invader PA_0903; 15 rue Cardinet, Paris, France;15 Rue Cardinet, 75017 Paris, France;48.8816;2.30204
460;Space Invader PA_0474; 2 rue de Prony, Paris, France;2 Rue de Prony, 75017 Paris, France;48.88062;2.30849
461;Space Invader PA_1004; 66 rue de Courcelles, Paris, France;66 Rue de Courcelles, 75008 Paris, France;48.87764;2.30633
462;Space Invader PA_1280; 14 rue de Lévis, Paris, France;14 Rue de Lévis, 75017 Paris, France;48.8822199;2.3156
463;Space Invader PA_0040; 45 rue de la Montagne Sainte-Geneviève, Paris, France;45 Rue de la Montagne Sainte-Geneviève, 75005 Paris, France;48.84709;2.34814
464;Space Invader PA_0229; rue Antoine Dubois, Paris, France;Rue Antoine Dubois, 75006 Paris, France;48.85121;2.33987
465;Space Invader PA_0113; 46 rue du Cardinal Lemoine, Paris, France;46 Rue du Cardinal Lemoine, 75005 Paris, France;48.84662;2.35141
466;Space Invader PA_0157; 10 rue Clovis, Paris, France;10 Rue Clovis, 75005 Paris, France;48.8463246;2.3489241
467;Space Invader PA_1171; 68 rue de la Montagne Sainte-Geneviève, Paris, France;68 Rue de la Montagne Sainte-Geneviève, 75005 Paris, France;48.84684;2.3477199
468;Space Invader PA_0004; 22 rue Monge, Paris, France;22 Rue Monge, 75005 Paris, France;48.84717;2.35103
469;Space Invader PA_1209; 99 boulevard Saint-Germain, Paris, France;99 Boulevard Saint-Germain, 75006 Paris, France;48.85214;2.339
470;Space Invader PA_1221; place Benjamin Fondane, Paris, France;Place Benjamin Fondane, 75005 Paris, France;48.84454;2.3519899
471;Space Invader PA_0003; 14 rue de la Montagne Sainte-Geneviève, Paris, France;14 Rue de la Montagne Sainte-Geneviève, 75005 Paris, France;48.8488676;2.3484198
472;Space Invader PA_0607; 48 rue d'Orsel, Paris, France;48 Rue d'Orsel, 75018 Paris, France;48.88356;2.34211
473;Space Invader PA_0644; 2 rue Lamarck, Paris, France;2 Rue Lamarck, 75018 Paris, France;48.8863399;2.34417
474;Space Invader PA_0857; sud-ouest de la place du Tertre, Paris, France;Place du Tertre, 75018 Paris, France;48.88661;2.341
475;Space Invader PA_1052; rue du Chevalier de la Barre, Paris, France;Rue du Chevalier de la Barre, 75018 Paris, France;48.88749;2.34436
476;Space Invader PA_0855; 75 rue Lepic, Paris, France;Rue Lepic, Paris, France;48.88750076;2.335278034
477;Space Invader PA_0642; 46 rue Berthe, Paris, France;46 Rue Berthe, 75018 Paris, France;48.88598;2.33861
478;Space Invader PA_0160; 16 rue André Barsacq, Paris, France;16 Rue André Barsacq, 75018 Paris, France;48.88537;2.34071
479;Space Invader PA_0169; 2 rue du Mont Cenis, Paris, France;2 Rue du Mont-Cenis, 75018 Paris, France;48.8867;2.34151
480;Space Invader PA_0641; 2 rue d'Orchampt, Paris, France;2 Rue d'Orchampt, 75018 Paris, France;48.88641;2.3378899
481;Space Invader PA_0018; 16 rue Saint-Vincent, Paris, France;16 Rue Saint-Vincent, 75018 Paris, France;48.88854;2.34131
482;Space Invader PA_0286; 28 rue du Chevalier de la Barre, Paris, France;28 Rue du Chevalier de la Barre, 75018 Paris, France;48.88751;2.3442599
483;Space Invader PA_0165; 5 rue Cortot, Paris, France;5 Rue Cortot, 75018 Paris, France;48.8876;2.34072
484;Space Invader PA_1276; 21 place du Tertre, Paris, France;21 Place du Tertre, 75018 Paris, France;48.88667;2.34057
485;Space Invader PA_0695; 1 rue Jasmin, Paris, France;1 Rue Jasmin, 75016 Paris, France;48.8524;2.26783
486;Space Invader PA_0691; 1 rue Rafflet, Paris, France;1 Rue Raffet, 75016 Paris, France;48.85046;2.26569
487;Space Invader PA_0692; 24 rue du Docteur Blanche, Paris, France;24 Rue du Docteur Blanche, 75016 Paris, France;48.85439;2.2654899
488;Space Invader PA_0694; 26 rue Poussin, Paris, France;26 Rue Poussin, 75016 Paris, France;48.84876;2.26328
489;Space Invader PA_0762; face au 99 boulevard de Montmorency, Paris, France;99 Boulevard de Montmorency, 75016 Paris, France;48.84859;2.26071
490;Space Invader PA_1286; face au 72 rue de Rosny, Paris, France;Paris, Paris, France;48.85720825;2.341439962
491;Space Invader PA_1291; 48 rue du Capitaine Dreyfus, Paris, France;48 Rue du Capitaine Dreyfus, 93100 Montreuil, France;48.85909;2.43958
492;Space Invader PA_0750; 4 rue du Sergent Bobillot, Paris, France;4 Rue Bobillot, 75013 Paris, France;48.83053;2.35453
493;Space Invader PA_0877; 146 rue de Paris, Paris, France;146 Rue de Paris, 02260 Clairfontaine, France;49.9667925;3.9654585
494;Space Invader PA_1096; 18 rue des Lilas ou presque, Paris, France;18 Rue des Lilas, 75019 Paris, France;48.87918;2.39647
495;Space Invader PA_0825; 186 rue de Paris, Paris, France;186 Rue de Paris, 02260 Clairfontaine, France;49.9667297;3.9659009
496;Space Invader PA_0749; face au conservatoire de Montreuil, Paris, France;Paris, Paris, France;48.85720825;2.341439962
497;Space Invader PA_0477; 267b rue de Paris, Paris, France;Rue de Paris, 75017 Paris, France;48.89636;2.30866
498;Space Invader PA_0216; 67 rue de l'Amiral Mouchez, Paris, France;67 Rue de l'Amiral Mouchez, 75013 Paris, France;48.82138;2.34313
499;Space Invader PA_0316& PA_0940, ;rue des Artistes, Paris, France;Rue des Artistes, 75014 Paris, France;48.82649;2.3346
500;Space Invader PA_0933; 11ter rue d'Alésia, Paris, France;11TER Rue d'Alésia, 75014 Paris, France;48.82703;2.3371
501;Space Invader PA_0515; 278 rue du Faubourg Saint-Antoine, Paris, France;278 Rue du Faubourg Saint-Antoine, 75012 Paris, France;48.84848;2.39362
502;Space Invader PA_1095; 18ter rue Jaucourt, Paris, France;18TER Rue Jaucourt, 75012 Paris, France;48.84743;2.39506
503;Space Invader PA_1135; 36 rue Tillier, Paris, France;Rue Claude Tillier, 75012 Paris, France;48.84834;2.38824
504;Space Invader PA_1158; 33 boulevard de Charonne, Paris, France;33 Boulevard de Charonne, 75011 Paris, France;48.85111;2.39818
505;Space Invader PA_1267; 2 avenue de Bouvines, Paris, France;Avenue de Bouvines, 75011 Paris, France;48.8502;2.39631
506;Space Invader PA_0578; 3 place Henri Queuille, Paris, France;Place Henri Queuille, 75015 Paris, France;48.84511;2.31109
507;Space Invader PA_1197; 6 rue de l'Arrivée, Paris, France;6 Rue de l'Arrivée, 75015 Paris, France;48.84387;2.3224
508;Space Invader PA_0388; Gare Montparnasse, Paris, France;Gare Montparnasse, Paris, France;48.84000015;2.318610907
509;Space Invader PA_1111; 80 avenue Charles de Gaulle, Paris, France;80 Avenue Charles de Gaulle, 92200 Neuilly-sur-Seine, France;48.88176;2.271
510;Space Invader PA_1259; 39 boulevard Albert 1er, Paris, France;39 Boulevard Albert 1er, 44600 Saint-Nazaire, France;47.26591;-2.22392
511;Space Invader PA_1271; Square de la Fontaine, Paris, France;Square La Fontaine, 75016 Paris, France;48.8507;2.27206
512;Space Invader PA_0631; entrée Nord de l'Opéra, Paris, France;Rue de Paris, 72000 Le Mans, France;48.00438;0.19872
513;Space Invader PA_0552; 3 rue Auber, Paris, France;3 Rue Auber, 75009 Paris, France;48.87166;2.33026
514;Space Invader PA_1126; 27 place de la Madeleine, Paris, France;27 Place de la Madeleine, 75008 Paris, France;48.87116;2.3243999
515;Space Invader PA_0124; 40 rue de l'Arcade, Paris, France;40 Rue de l'Arcade, 75008 Paris, France;48.87348;2.32444
516;Space Invader PA_0563; 2 place du Palais Royal, Paris, France;2 Place du Palais-Royal, 75001 Paris, France;48.86237;2.33732
517;Space Invader PA_0582; 14 rue Villedo, Paris, France;Rue Villedo, 75001 Paris, France;48.86624;2.33632
518;Space Invader PA_0893; 6 rue des Pyramides, Paris, France;6 Rue des Pyramides, 75001 Paris, France;48.86426;2.33259
519;Space Invader PA_0860; 1 rue de l'Oratoire, Paris, France;1 Rue de l'Oratoire, 75001 Paris, France;48.86145;2.33993
520;Space Invader PA_1040; 32 rue Saint-Roch, Paris, France;32 Rue Saint-Roch, 75001 Paris, France;48.86645;2.33305
521;Space Invader PA_1140; 10 rue Villedo, Paris, France;10 Rue Villedo, 75001 Paris, France;48.8664599;2.33607
522;Space Invader PA_1100; à gauche de la Fontaine Molière, Paris, France;Chemin Molière et La Fontaine, 75020 Paris, France;48.86067;2.39475
523;Space Invader PA_0775; 4 place des Victoires, Paris, France;4 Place des Victoires, 75001 Paris, France;48.86578;2.34063
524;Space Invader PA_1262; 7 rue du Bouloi, Paris, France;7 Rue du Bouloi, 75001 Paris, France;48.86354;2.34054
525;Space Invader PA_1269; 28 rue Sainte-Anne, Paris, France;28 Rue Sainte-Anne, 75001 Paris, France;48.86629;2.3356
526;Space Invader PA_1138; 112 avenue du Général Leclerc, Paris, France;112 Avenue du Général Leclerc, 75014 Paris, France;48.82562;2.32588
527;Space Invader PA_0414; 2 rue du 11 Novembre 1918, Paris, France;2 Place du 11 Novembre 1918, 75010 Paris, France;48.876186;2.3589002
528;Space Invader PA_0317; devant la Fondation Cartier, Paris, France;Fondation Cartier Pour L Art Contemporain, Paris, France;48.83729935;2.331899881
529;Space Invader PA_0850; 1 rue Poinsot, Paris, France;Rue Poinsot, 75014 Paris, France;48.84104;2.3234
530;Space Invader PA_0347; passage des Épinettes, Paris, France;Passage des Épinettes, 75014 Paris, France;48.84296;2.3253
531;Space Invader PA_0258; 29 avenue de Lamballe, Paris, France;29 Avenue de Lamballe, 75016 Paris, France;48.85439;2.27883
532;Space Invader PA_1038; 5 rue Pajou, Paris, France;5 Rue Pajou, 75016 Paris, France;48.85683;2.27305
533;Space Invader PA_0478; pont du Rouelle, Paris, France;Paris, Paris, France;48.85720825;2.341439962
534;Space Invader PA_1223; 1 place de Passy, Paris, France;1 Place de Passy, 75016 Paris, France;48.85787;2.27759
535;Space Invader PA_0848; 1 rue de l'Armorique, Paris, France;Rue de l'Armorique, 75015 Paris, France;48.83949;2.31472
536;Space Invader PA_1196; 2 impasse Mathieu, Paris, France;2 Impasse Mathieu, 75015 Paris, France;48.84114;2.31327
537;Space Invader PA_0834; entrée du Père Lachaise, Paris, France;Avenue du Père Lachaise, 75020 Paris, France;48.8641;2.39778
538;Space Invader PA_1027; Cité Aubry, Paris, France;Cité Aubry, 75020 Paris, France;48.85751;2.3957799
539;Space Invader PA_0715; 3 Cité Aubry, Paris, France;3 Cité Aubry, 75020 Paris, France;48.8574;2.39538
540;Space Invader PA_0827; 1 bis rue des Rondonneaux, Paris, France;1BIS Rue des Rondonneaux, 75020 Paris, France;48.86331;2.3995
541;Space Invader PA_0822; 2 rue de Lesseps, Paris, France;2 Rue de Lesseps, 75020 Paris, France;48.85841;2.40072
542;Space Invader PA_0332; 41 rue du Repos sous la plaque du cimètière, Paris, France;41 Rue du Repos, 75020 Paris, France;48.85954;2.38954
543;Space Invader PA_0461; 5-7 rue Charles Renouvier, Paris, France;Rue Charles Renouvier, 75020 Paris, France;48.86175;2.40026
544;Space Invader PA_0421; 71 rue des Rondeaux, Paris, France;71 Rue des Rondeaux, 75020 Paris, France;48.86405;2.39658
545;Space Invader PA_0661; 41 rue Ampère, Paris, France;41 Rue Ampère, 75017 Paris, France;48.88516;2.30294
546;Space Invader PA_1164; 130 avenue de Wagram, Paris, France;130 Avenue de Wagram, 75017 Paris, France;48.88512;2.30364
547;Space Invader PA_1168; 1 rue Verniquet, Paris, France;1 Rue Verniquet, 75017 Paris, France;48.8868099;2.30042
548;Space Invader PA_1202; 129 avenue de Wagram, Paris, France;129 Avenue de Wagram, 75017 Paris, France;48.88317;2.30163
549;Space Invader PA_1025; 5 place Saint-Augustin, Paris, France;5 Place Saint-Augustin, 75008 Paris, France;48.8751;2.3192499
550;Space Invader PA_0942; 2 passage Foubert, Paris, France;2 Passage Foubert, 75013 Paris, France;48.82576;2.35271
551;Space Invader PA_0875; 2 rue des Peupliers, Paris, France;2 Rue des Peupliers, 75013 Paris, France;48.82543;2.35379
552;Space Invader PA_0426; face au pavillon d'Italie, Paris, France;Paris, Paris, France;48.85720825;2.341439962
553;Space Invader PA_1199; Poterne des Peupliers, Paris, France;Paris, Paris, France;48.85720825;2.341439962
554;Space Invader PA_1120; 84 rue de Picpus, Paris, France;84 Rue de Picpus, 75012 Paris, France;48.84097;2.39889
555;Space Invader PA_1131; place Felix Éboué, Paris, France;Place Félix Éboué, 75012 Paris, France;48.83955;2.39619
556;Space Invader PA_0154; métro de Bel-Air, Paris, France;Avenue du Bel-Air, 75012 Paris, France;48.84688;2.39731
557;Space Invader PA_0434; 19 rue Lamblardie, Paris, France;19 Rue Lamblardie, 75012 Paris, France;48.8408;2.39814
558;Space Invader PA_0080; 5 rue Ballu, Paris, France;5 Rue Ballu, 75009 Paris, France;48.88159;2.33103
559;Space Invader PA_0858; 1 rue la Bruyère, Paris, France;1 Rue La Bruyère, 75009 Paris, France;48.87882;2.33686
560;Space Invader PA_0865; 53 rue Blanche, Paris, France;53 Rue Blanche, 75009 Paris, France;48.88121;2.33148
561;Space Invader PA_0864; 32 place Saint-Georges, Paris, France;Place Saint-Georges, 75009 Paris, France;48.87836;2.33759
562;Space Invader PA_0900; place Pigalle, Paris, France;Place Pigalle, Paris, France;48.88199615;2.336944103
563;Space Invader PA_0866; 0 rue Paul Escudier, Paris, France;Rue Paul Escudier, 75009 Paris, France;48.88053;2.33225
564;Space Invader PA_0342; 19 rue Laferrière, Paris, France;19 Rue Laferrière, 75009 Paris, France;48.87904;2.33705
565;Space Invader PA_0498; 64 rue de la Rochefoucauld, Paris, France;64 Rue de La Rochefoucauld, 75009 Paris, France;48.88075;2.3357199
566;Space Invader PA_0646; porte de Vanves, Paris, France;Métro-Porte de Vanves, Paris, France;48.82794952;2.305006027
567;Space Invader PA_0705; 32 rue de Patay, Paris, France;32 Rue de Patay, 75013 Paris, France;48.82549;2.37484
568;Space Invader PA_0714; 25 rue Watt, Paris, France;25 Rue Watt, 75013 Paris, France;48.8262002;2.378369
569;Space Invader PA_0912; pont de Soissons, Paris, France;Soissons, Aisne, France;49.38195038;3.321290016
570;Space Invader PA_0310; passerelle de la Porte de Saint-Cloud, Paris, France;Métro-Porte de Saint-Cloud, Paris, France;48.83779144;2.256160021
571;Space Invader PA_0195; avenue de la porte Clignancourt, Paris, France;Avenue de la Porte de Clignancourt, 75018 Paris, France;48.8999499;2.3439199
572;Space Invader PA_0072; rue Charles Luizet, Paris, France;Rue Charles Luizet, 75011 Paris, France;48.86166;2.36732
573;Space Invader PA_0754; 59bis rue Popincourt, Paris, France;59BIS Rue Popincourt, 75011 Paris, France;48.86021;2.37546
574;Space Invader PA_0818; 68 rue Saint-Sabin, Paris, France;68 Rue Saint-Sabin, 75011 Paris, France;48.85964;2.3685299
575;Space Invader PA_0861; 30 passage Saint-Sebastien, Paris, France;30 Passage Saint-Sébastien, 75011 Paris, France;48.86187;2.37031
576;Space Invader PA_0472; 11Z rue Gaby Sylvia, Paris, France;Rue Gaby Sylvia, 75011 Paris, France;48.85899;2.37099
577;Space Invader PA_0194; 61 rue du Chemin Vert, Paris, France;61 Rue du Chemin Vert, 75011 Paris, France;48.85994;2.37729
578;Space Invader PA_1201; 14 rue Ternaux, Paris, France;14 Rue Ternaux, 75011 Paris, France;48.86438;2.37331
579;Space Invader PA_1244; 4 rue Oberkampf, Paris, France;4 Rue Oberkampf, 75011 Paris, France;48.86268;2.36753
580;Space Invader PA_1187; 89 rue André Joineau, Paris, France;89 Rue André Joineau, 93310 Le Pré-Saint-Gervais, France;48.88214;2.40273
581;Space Invader PA_0014; 59 avenue Ledru-Rollin, Paris, France;59 Avenue Ledru-Rollin, 75012 Paris, France;48.84893;2.37276
582;Space Invader PA_0175; 18 passage du Chantier, Paris, France;18 Passage du Chantier, 75012 Paris, France;48.85151;2.37352
583;Space Invader PA_0301; 44 rue de Charenton, Paris, France;44 Rue de Charenton, 75012 Paris, France;48.85025;2.37346
584;Space Invader PA_1056; 0 rue Montgallet, Paris, France;Rue Montgallet, 75012 Paris, France;48.84347;2.38771
585;Space Invader PA_1008; 75 rue de Richelieu, Paris, France;Rue de Richelieu, Paris, France;48.86804581;2.338371038
586;Space Invader PA_0404; face au 2 place de la Bourse, Paris, France;2 Place de la Bourse, 75002 Paris, France;48.86958;2.34211
587;Space Invader PA_1058; 24 rue des Petits Champs, Paris, France;24 Rue des Petits-Champs, 75002 Paris, France;48.86691;2.33643
588;Space Invader PA_0894; 11 rue Saint-Augustin, Paris, France;11 Rue Saint-Augustin, 75002 Paris, France;48.86882;2.33708
589;Space Invader PA_1177; Agence France Presse, Paris, France;France;46.62184525;2.451948881
590;Space Invader PA_1210; 3 rue Saint-Augustin, Paris, France;3 Rue Saint-Augustin, 75002 Paris, France;48.86885;2.33781
591;Space Invader PA_0095; 65 rue Richelieu, Paris, France;65 Rue de Richelieu, 75002 Paris, France;48.8672899;2.33759
592;Space Invader PA_1255; 5 place des Petits Pères, Paris, France;5 Place des Petits-Pères, 75002 Paris, France;48.8665446;2.3408028
593;Space Invader PA_0553; 74 rue des Martyrs, Paris, France;74 Rue des Martyrs, 75018 Paris, France;48.88254;2.33975
594;Space Invader PA_0770; 6 rue de la Tour d'Auvergne, Paris, France;6 Rue de la Tour d'Auvergne, 75009 Paris, France;48.87886;2.3451
595;Space Invader PA_1176; 5 rue Rodier, Paris, France;5 Rue Rodier, 75009 Paris, France;48.87749;2.34227
596;Space Invader PA_1175; 2 rue Rodier, Paris, France;2 Rue Rodier, 75009 Paris, France;48.87738;2.3424
597;Space Invader PA_1012; 32 rue de Rochechouart, Paris, France;32 Rue de Rochechouart, 75009 Paris, France;48.8786;2.34531
598;Space Invader PA_1229; 62 rue Lamartine, Paris, France;62 Rue Lamartine, 75009 Paris, France;48.87672;2.33956
599;Space Invader PA_1275; 12 place d'Anvers, Paris, France;12 Place d'Anvers, 75009 Paris, France;48.88257;2.34471
600;Space Invader PA_0752; 14 boulevard Edouard Branly, Paris, France;14 Boulevard Édouard Branly, 93230 Romainville, France;48.87612;2.44097
601;Space Invader PA_0920; 41 boulevard Edouard Branly, Paris, France;41 Boulevard Édouard Branly, 93230 Romainville, France;48.87467;2.44091
602;Space Invader PA_0451& PA_0654, ;39 rue de Charonne, Paris, France;39 Rue de Charonne, 75011 Paris, France;48.85335;2.37649
603;Space Invader PA_0277; 31 rue de Charonne, Paris, France;31 Rue de Charonne, 75011 Paris, France;48.85337;2.37581
604;Space Invader PA_0697; 14 boulevard Richard Lenoir, Paris, France;14 Boulevard Richard Lenoir, 75011 Paris, France;48.85496;2.37039
605;Space Invader PA_0718; 39 rue Basfroi, Paris, France;39 Rue Basfroi, 75011 Paris, France;48.8556781;2.3784956
606;Space Invader PA_0117; 31 passage Thiéré sur le trottoir, Paris, France;Paris, Paris, France;48.85720825;2.341439962
607;Space Invader PA_0837; 53bis rue de la Roquette, Paris, France;53BIS Rue de la Roquette, 75011 Paris, France;48.85587;2.37514
608;Space Invader PA_0879; 22 rue Saint-Sabin, Paris, France;22 Rue Saint-Sabin, 75011 Paris, France;48.85595;2.37147
609;Space Invader PA_0836; 11 passage Thiéré, Paris, France;11 Passage Thiéré, 75011 Paris, France;48.8539;2.37383
610;Space Invader PA_1185; 59 rue de Charonne, Paris, France;59 Rue de Charonne, 75011 Paris, France;48.85343;2.3793
611;Space Invader PA_0465; 114 rue de la Roquette, Paris, France;114 Rue de la Roquette, 75011 Paris, France;48.85694;2.3785
612;Space Invader PA_1258; 13 rue de la Roquette, Paris, France;13 Rue de la Roquette, 75011 Paris, France;48.8542;2.37112
613;Space Invader PA_0028; face au 5 rue Keller, Paris, France;5 Rue Keller, 75011 Paris, France;48.85382;2.37649
614;Space Invader PA_1118; boulevard Gabriel Péri sous le périph', Paris, France;Avenue Gabriel, 75008 Paris, France;48.86833;2.31608
615;Space Invader PA_0971; 1 rue du Saint-Gothard, Paris, France;1 Rue du Saint-Gothard, 75014 Paris, France;48.83012;2.33507
616;Space Invader PA_0391; 114 quai de Bercy, Paris, France;114 Quai de Bercy, 75012 Paris, France;48.83178;2.38531
617;Space Invader PA_0983; rue Mondoville, Paris, France;Rue Mondonville, 75020 Paris, France;48.86596;2.40675
618;Space Invader PA_1066; McDo de la porte de Bagnolet, Paris, France;Porte de Bagnolet, Paris, France;48.8645668;2.407278061
619;Space Invader PA_0677; 46 rue de Seine, Paris, France;46 Rue de Seine, 75006 Paris, France;48.85476;2.33679
620;Space Invader PA_0678; 6 rue de Seine, Paris, France;6 Rue de Seine, 75006 Paris, France;48.8572;2.3363999
621;Space Invader PA_0455; 48 rue Mazarine, Paris, France;48 Rue Mazarine, 75006 Paris, France;48.85512;2.33775
622;Space Invader PA_0802; 27 rue du Four, Paris, France;27 Rue du Four, 75006 Paris, France;48.85261;2.3338199
623;Space Invader PA_0005; 25 rue Guisarde, Paris, France;25 Rue Guisarde, 75006 Paris, France;48.85179;2.33383
624;Space Invader PA_0798; 184 boulevard Saint-Germain, Paris, France;184 Boulevard Saint-Germain, 75006 Paris, France;48.85445;2.33121
625;Space Invader PA_1059; 54 rue de Seine, Paris, France;54 Rue de Seine, 75006 Paris, France;48.85424;2.33685
626;Space Invader PA_0673; 1 rue de l'Ancienne Comédie, Paris, France;1 Rue de l'Ancienne Comédie, 75006 Paris, France;48.85351;2.33855
627;Space Invader PA_1075; 158 boulevard Saint-Germain, Paris, France;158 Boulevard Saint-Germain, 75006 Paris, France;48.85323;2.33617
628;Space Invader PA_0006; 40 rue de Seine, Paris, France;40 Rue de Seine, 75006 Paris, France;48.85508;2.33674
629;Space Invader PA_1190; 2 rue Princesse Leia, Paris, France;2 Rue Princesse, 75006 Paris, France;48.85264;2.33437
630;Space Invader PA_0365; 268 rue de Vaugirard, Paris, France;268 Rue de Vaugirard, 75015 Paris, France;48.83926;2.3001
631;Space Invader PA_0596; 85 rue de la Croix Nivert, Paris, France;85 Rue de la Croix-Nivert, 75015 Paris, France;48.8434;2.29568
632;Space Invader PA_0973PA_0974 & PA_0975 (entrée);square Emile Chautemps, Paris, France;Square Émile-Chautemps, Paris, France;48.86740875;2.353174925
633;Space Invader PA_0846; 4 rue de Réaumur, Paris, France;4 Rue Réaumur, 75003 Paris, France;48.8648499;2.35941
634;Space Invader PA_1065; 59 rue au Maire (Simpson), Paris, France;59 Rue au Maire, 75003 Paris, France;48.86497;2.35455
635;Space Invader PA_1046; 22 rue Réaumur, Paris, France;22 Rue Réaumur, 75003 Paris, France;48.86512;2.35845
636;Space Invader PA_0956; 5 rue Papin, Paris, France;5 Rue Papin, 75003 Paris, France;48.86687;2.3534099
637;Space Invader PA_0496; 51 boulevard Saint-Martin, Paris, France;51 Boulevard Saint-Martin, 75003 Paris, France;48.86872;2.35615
638;Space Invader PA_0193; 29 rue de Réaumur, Paris, France;29 Rue Réaumur, 75003 Paris, France;48.86527;2.35648
639;Space Invader PA_1266; 41 rue Volta, Paris, France;41 Rue Volta, 75003 Paris, France;48.86663;2.35794
640;Space Invader PA_1281; 2 rue des Fontaines du Temple, Paris, France;2 Rue des Fontaines du Temple, 75003 Paris, France;48.86548;2.3601899
641;Space Invader PA_0280; 8 rue Spinoza, Paris, France;8 Rue Spinoza, 75011 Paris, France;48.86379;2.38596
642;Space Invader PA_0081; 88 rue Saint-Maur, Paris, France;88 Rue Saint-Maur, 75011 Paris, France;48.86493;2.37793
643;Space Invader PA_1222; 90 avenue de la République, Paris, France;90 Avenue de la République, 75011 Paris, France;48.86398;2.38051
644;Space Invader PA_1277; 52 rue Jean-Pierre Timbaud, Paris, France;52 Rue Jean-Pierre Timbaud, 75011 Paris, France;48.86648;2.37303
645;Space Invader PA_0569; passerelle de Charentonneau, Paris, France;Paris, Paris, France;48.85720825;2.341439962
646;Space Invader PA_0044; 2 rue de l'Ancienne Comédie, Paris, France;2 Rue de l'Ancienne Comédie, 75006 Paris, France;48.8535899;2.33829
647;Space Invader PA_0556; 2 rue de l'Hôtel Colbert, Paris, France;2 Rue de l'Hôtel-Colbert, 75005 Paris, France;48.85188;2.34898
648;Space Invader PA_0764; 28 rue Serpente, Paris, France;28 Rue Serpente, 75006 Paris, France;48.85246;2.3415499
649;Space Invader PA_0873; rue du Chat qui Pèche, Paris, France;Rue du Chat-qui-Pêche, Paris, France;48.85305786;2.346111059
650;Space Invader PA_1051; 22 rue Dauphine, Paris, France;22 Rue Dauphine, 75006 Paris, France;48.85514;2.33955
651;Space Invader PA_0184; 2 rue Mignon, Paris, France;2 Rue Mignon, 75006 Paris, France;48.85218;2.34161
652;Space Invader PA_1086; 2 rue des Anglais, Paris, France;2 Rue des Anglais, 75005 Paris, France;48.85101;2.34794
653;Space Invader PA_1087; 1 rue de la Huchette, Paris, France;1 Rue de la Huchette, 75005 Paris, France;48.85276;2.34647
654;Space Invader PA_0795; 8 cour du Commerce Saint-André, Paris, France;8 Cour du Commerce Saint-André, 75006 Paris, France;48.85265;2.33929
655;Space Invader PA_1107; place Saint-André des Arts, Paris, France;Place Saint-André-des-Arts, 75006 Paris, France;48.85328;2.34279
656;Space Invader PA_0155; 16 rue des Trois Portes, Paris, France;16 Rue des 3 Portes, 75005 Paris, France;48.8513499;2.34829
657;Space Invader PA_0392; 35 quai des Grands Augustins, Paris, France;35 Quai des Grands-Augustins, 75006 Paris, France;48.8546;2.34234
658;Space Invader PA_1200; 35 rue de la Bûcherie, Paris, France;35 Rue de la Bûcherie, 75005 Paris, France;48.85257;2.34718
659;Space Invader PA_0913; 42 avenue Michelet, Paris, France;42 Avenue du Général Michel Bizot, 75012 Paris, France;48.83408;2.40023
660;Space Invader PA_0690; 12 rue Jean-Henri Fabre, Paris, France;Rue Jean-Henri Fabre, 75018 Paris, France;48.90117;2.33959
661;Space Invader PA_0418; 139 avenue Michelet, Paris, France;139 Avenue Michelet, 93400 Saint-Ouen, France;48.90184;2.34418
662;Space Invader PA_0420; 45 rue Anselme, Paris, France;Place Robert Antelme, 75013 Paris, France;48.82895;2.37876
663;Space Invader PA_0106; 2 rue Charlemagne, Paris, France;2 Rue Charlemagne, 75004 Paris, France;48.85392;2.36188
664;Space Invader PA_0710; 7 rue de Lesdiguières, Paris, France;7 Rue de Lesdiguières, 75004 Paris, France;48.85286;2.36681
665;Space Invader PA_0398; 1 pont Morland, Paris, France;Paris, Paris, France;48.85720825;2.341439962
666;Space Invader PA_0816; ancienne gare maritime Sully-Morland, Paris, France;Sully - Morland, Paris, France;48.85142517;2.361893892
667;Space Invader PA_0925; 17 boulevard Morland, Paris, France;17 Boulevard Morland, 75004 Paris, France;48.84999;2.36327
668;Space Invader PA_1153; 87 rue Saint-Antoine, Paris, France;87 Rue Saint-Antoine, 75004 Paris, France;48.85464;2.3624299
669;Space Invader PA_0704; 17 rue de la Cerisaie, Paris, France;17 Rue de la Cerisaie, 75004 Paris, France;48.85197;2.36578
670;Space Invader PA_1152; village Saint-Paul, Paris, France;Métro-Saint-Paul, Paris, France;48.85523987;2.360616922
671;Space Invader PA_071,;5 rue de Fourcy, Paris, France;5 Rue de Fourcy, 75004 Paris, France;48.8549;2.35912
672;Space Invader PA_0636; 32 rue de Poissy, Paris, France;32 Rue de Poissy, 75005 Paris, France;48.84803;2.35169
673;Space Invader PA_0401; fontaine de Cuvier, Paris, France;Paris, Paris, France;48.85720825;2.341439962
674;Space Invader PA_0495; 17 rue de Navarre, Paris, France;Rue de Navarre, 75005 Paris, France;48.8444;2.35339
675;Space Invader PA_0529; 15 rue de Pontoise, Paris, France;Rue de Pontoise, 75005 Paris, France;48.84952;2.35173
676;Space Invader PA_1241; 1 quai de la Tournelle, Paris, France;1 Quai de la Tournelle, 75005 Paris, France;48.84959;2.35577
677;Space Invader PA_1245; pont de la Tournelle, Paris, France;Pont de la Tournelle, Paris, France;48.85027695;2.355000019
678;Space Invader PA_1273; 39 rue Linné, Paris, France;39 Rue Linné, 75005 Paris, France;48.84598;2.35435
679;Space Invader PA_1104; 68 rue Jenner, Paris, France;Rue Jenner, 75013 Paris, France;48.8354;2.36208
680;Space Invader PA_0102& PA_0564, ;42 boulevard de l'Hôpital, Paris, France;42 Boulevard de l'Hôpital, 75005 Paris, France;48.84008;2.36155
681;Space Invader PA_1205; bâtiment Marguerite Bottard, Paris, France;Paris, Paris, France;48.85720825;2.341439962
682;Space Invader PA_1240; 114 boulevard Vincent Auriol, Paris, France;114 Boulevard Vincent Auriol, 75013 Paris, France;48.83349;2.36306
683;Space Invader PA_0470 1057 & 1062,; 64 rue Tiquetonne, Paris, France;64 Rue Tiquetonne, 75002 Paris, France;48.86484;2.34551
684;Space Invader PA_0062& PA_1078, ;99 rue de Réaumur, Paris, France;99 Rue Réaumur, 75002 Paris, France;48.86764;2.3455499
685;Space Invader PA_0977; passage Basfour, Paris, France;Passage Basfour, 75002 Paris, France;48.8661699;2.35142
686;Space Invader PA_0859; 1 rue de la Lune, Paris, France;1 Rue de la Lune, 75002 Paris, France;48.8696551;2.3517598
687;Space Invader PA_0841; 4 rue Marie Stuart, Paris, France;4 Rue Marie Stuart, 75002 Paris, France;48.86502;2.34835
688;Space Invader PA_0800; 56bis rue du Louvre, Paris, France;56BIS Rue du Louvre, 75002 Paris, France;48.8656099;2.34341
689;Space Invader PA_0328; 40 rue Etienne Marcel, Paris, France;40 Rue Étienne Marcel, 75002 Paris, France;48.86512;2.34422
690;Space Invader PA_1165; 48 rue du Caire, Paris, France;48 Rue du Caire, 75002 Paris, France;48.8680499;2.34885
691;Space Invader PA_0231; 1 rue Tiquetonne, Paris, France;1 Rue Tiquetonne, 75002 Paris, France;48.86428;2.34995
692;Space Invader PA_0061; 2 rue des Petits Carreaux, Paris, France;2 Rue des Petits-Carreaux, 75002 Paris, France;48.86639;2.34726
693;Space Invader PA_0462; 44 rue de Cléry, Paris, France;44 Rue de Cléry, 75002 Paris, France;48.8683;2.34739
694;Space Invader PA_0506; square Pierre Lazareff, Paris, France;Square Pierre Lazareff, 75002 Paris, France;48.86715;2.34768
695;Space Invader PA_0655; 34 rue Debelleyme, Paris, France;34 Rue Debelleyme, 75003 Paris, France;48.86213;2.36364
696;Space Invader PA_0575; 22 rue de Poitou, Paris, France;22 Rue de Poitou, 75003 Paris, France;48.8616;2.36298
697;Space Invader PA_0083; fontaine Boucherat, Paris, France;Paris, Paris, France;48.85720825;2.341439962
698;Space Invader PA_0746; 79 rue Charlot, Paris, France;79 Rue Charlot, 75003 Paris, France;48.86444;2.3642599
699;Space Invader PA_1033; 1 boulevard des Filles du Calvaire, Paris, France;1 Boulevard des Filles du Calvaire, 75003 Paris, France;48.86112;2.36695
700;Space Invader PA_0955; 12 rue Béranger, Paris, France;12 Rue Béranger, 75003 Paris, France;48.86588;2.36393
701;Space Invader PA_0820; 10 rue de Bretagne, Paris, France;10 Rue de Bretagne, 75003 Paris, France;48.86248;2.3635799
702;Space Invader PA_0959; 1 rue du Forez, Paris, France;1 Rue du Forez, 75003 Paris, France;48.86374;2.36282
703;Space Invader PA_1094; 132 rue Vieille du Temple, Paris, France;132 Rue Vieille-du-Temple, 75003 Paris, France;48.8617599;2.36432
704;Space Invader PA_0376; 28 rue de Poitou, Paris, France;28 Rue de Poitou, 75003 Paris, France;48.86166;2.36255
705;Space Invader PA_1064; 16 rue Froissart, Paris, France;Rue Froissart, 75003 Paris, France;48.86163;2.3658199
706;Space Invader PA_0963; 41 boulevard du Temple, Paris, France;41 Boulevard du Temple, 75003 Paris, France;48.86624;2.36458
707;Space Invader PA_0517; 13 rue Froissart, Paris, France;13 Rue Froissart, 75003 Paris, France;48.86166;2.3654099
708;Space Invader PA_0429; 22 avenue Carnot, Paris, France;22 Avenue Carnot, 75017 Paris, France;48.87644;2.29303
709;Space Invader PA_0916; 14 rue Bayen, Paris, France;14 Rue Bayen, 75017 Paris, France;48.87953;2.29493
710;Space Invader PA_0885; 36 rue Brey, Paris, France;36 Rue Brey, 75017 Paris, France;48.87738;2.2947099
711;Space Invader PA_0664; 31 rue des Acacias, Paris, France;31 Rue des Acacias, 75017 Paris, France;48.87722;2.29229
712;Space Invader PA_0917; 2 rue de Fourcroy, Paris, France;2 Rue Fourcroy, 75017 Paris, France;48.87982;2.2950499
713;Space Invader PA_1182; 22 rue Guersant, Paris, France;22 Rue Guersant, 75017 Paris, France;48.88079;2.29014
714;Space Invader PA_0475; 2 avenue de la Grande Armée, Paris, France;2 Avenue de la Grande Armée, 75017 Paris, France;48.87437;2.29333
715;Space Invader PA_1251; 8 place Tristan Bernard, Paris, France;Place Tristan Bernard, 75017 Paris, France;48.87909;2.29099
716;Space Invader PA_1253; 1 rue du Boccador, Paris, France;1 Rue du Boccador, 75008 Paris, France;48.86602;2.3036
717;Space Invader PA_1254; 23 rue Marbeuf, Paris, France;23 Rue Marbeuf, 75008 Paris, France;48.86881;2.30376
718;Space Invader PA_0679; 1 rue de l'Arbalète, Paris, France;1 Rue de l'Arbalète, 75005 Paris, France;48.84043;2.35037
719;Space Invader PA_0765; 17 rue de l'Estrapade, Paris, France;17 Rue de l'Estrapade, 75005 Paris, France;48.84476;2.34647
720;Space Invader PA_0766; 97 rue Mouffetard, Paris, France;97 Rue Mouffetard, 75005 Paris, France;48.84127;2.34972
721;Space Invader PA_0557; 282 rue Saint-Jacques, Paris, France;282 Rue Saint-Jacques, 75005 Paris, France;48.84162;2.34107
722;Space Invader PA_0151; 28 rue Lhomond, Paris, France;28 Rue Lhomond, 75005 Paris, France;48.84296;2.34688
723;Space Invader PA_1189; 43 rue Lacépède, Paris, France;Rue Jean-François Lépine, 75018 Paris, France;48.8861;2.35826
724;Space Invader PA_1235& 1236, ;72 rue Claude Bernard, Paris, France;72 Rue Claude Bernard, 75005 Paris, France;48.84047;2.34587
725;Space Invader PA_1132; 26 rue Coriolis, Paris, France;26 Rue Coriolis, 75012 Paris, France;48.83631;2.39087
726;Space Invader PA_0559; 1 rue Raoul, Paris, France;1 Rue Raoul, 75012 Paris, France;48.83874;2.39638
727;Space Invader PA_0558; 45 rue de la Brèche aux Loups, Paris, France;45 Rue de la Brèche aux Loups, 75012 Paris, France;48.83863;2.39591
728;Space Invader PA_1174; 14 rue des Fonds-Verts, Paris, France;14 Rue des Fonds-Verts, 75012 Paris, France;48.83697;2.39115
729;Space Invader PA_0488; 79 rue de Wattignies, Paris, France;79 Rue de Wattignies, 75012 Paris, France;48.83495;2.39994
730;Space Invader VRS_010; 48 boulevard de Jardy, Paris, France;48 Boulevard de Jardy, 92420 Vaucresson, France;48.8328599;2.15329
731;Space Invader PA_0626; 200 rue de la Convention, Paris, France;200 Rue de la Convention, 75015 Paris, France;48.83707;2.29658
732;Space Invader PA_0247; 1 rue Firmin Gillot, Paris, France;1 Rue Firmin Gillot, 75015 Paris, France;48.8332953;2.2897599
733;Space Invader PA_0595; 183 rue de Lourmel, Paris, France;183 Rue de Lourmel, 75015 Paris, France;48.83794;2.2819
734;Space Invader PA_0357; 21 boulevard Lefebvre, Paris, France;21 Boulevard Lefebvre, 75015 Paris, France;48.8320999;2.29021
735;Space Invader PA_0594; place Balard, Paris, France;Place Balard, 75015 Paris, France;48.83649;2.27845
736;Space Invader PA_1274; 10 square Desnouettes, Paris, France;10 Square Desnouettes, 75015 Paris, France;48.83486;2.28406
737;Space Invader PA_0177; 12 rue du 29 Juillet, Paris, France;Rue du 29 Juillet, 75001 Paris, France;48.86493;2.33047
738;Space Invader PA_0843; 246 rue de Rivoli, Paris, France;Rue de Rivoli, 75001 Paris, France;48.86256;2.33583
739;Space Invader PA_0359; 45 rue Saint-Roch, Paris, France;45 Rue Saint-Roch, 75001 Paris, France;48.86649;2.3329
740;Space Invader PA_0952; 4 rue du Chevalier de Saint-Georges, Paris, France;4 Rue du Chevalier de Saint-George, 75001 Paris, France;48.8681;2.32482
741;Space Invader PA_1215; 3 rue Danielle Casanova, Paris, France;3 Rue Danielle Casanova, 75001 Paris, France;48.8675799;2.33319
742;Space Invader PA_0652; 25 rue des Sablons, Paris, France;25 Rue des Sablons, 75116 Paris, France;48.86494;2.28292
743;Space Invader PA_1252; 110 rue Lauriston, Paris, France;110 Rue Lauriston, 75116 Paris, France;48.86602;2.28602
744;Space Invader PA_0389; 86 rue de Botzaris, Paris, France;86 Rue Botzaris, 75019 Paris, France;48.87943;2.3894
745;Space Invader PA_0589; 1 rue Melingue, Paris, France;1 Rue Mélingue, 75019 Paris, France;48.87448;2.38612
746;Space Invader PA_1010; 1 Rue Carducci, Paris, France;1 Rue Carducci, 75019 Paris, France;48.87717;2.38764
747;Space Invader PA_1015; 29 rue de la Villette, Paris, France;29 Rue de la Villette, 75019 Paris, France;48.87627;2.3875099
748;Space Invader PA_1016; 34 rue de Crimée, Paris, France;34 Rue de Crimée, 75019 Paris, France;48.87887;2.3904
749;Space Invader PA_1017; 86 rue de la Villette, Paris, France;86 Rue de la Villette, 75019 Paris, France;48.87883;2.3883
750;Space Invader PA_1139; 93 rue de Belleville, Paris, France;93 Rue de Belleville, 75019 Paris, France;48.87404;2.3854
751;Space Invader PA_1282; 106 avenue Auber, Paris, France;106 Avenue Kléber, 75116 Paris, France;48.8650717;2.2885289
752;Médailles;, Paris, France;Paris, Paris, France;48.85720825;2.341439962
753;Discussion;, Paris, France;Paris, Paris, France;48.85720825;2.341439962
